ADM2_EN,ADM2_PCODE,ADM2_REF,ADM2ALT1_EN,ADM2ALT2_EN,ADM1_EN,ADM1_PCODE,ADM0_EN,ADM0_PCODE,DATE,VALIDON,VALID_TO,District,DISTRICT_PCODE,AREA_SQKM
Aamchowk,NP0110406,,,,1,NP01,Nepal,NP,11/28/2018 0:00,4/30/2019 0:00,,Bhojpur,NP0110,184.3151188
Aandhikhola,NP0441401,,,,4,NP04,Nepal,NP,11/28/2018 0:00,4/30/2019 0:00,,Syangja,NP0441,69.62902038
Aarughat,NP0436406,,,,4,NP04,Nepal,NP,11/28/2018 0:00,4/30/2019 0:00,,Gorkha,NP0436,160.800502
Aathabis,NP0661301,,,,6,NP06,Nepal,NP,11/28/2018 0:00,4/30/2019 0:00,,Dailekh,NP0661,167.7844157
Aathbiskot,NP0652301,,,,6,NP06,Nepal,NP,11/28/2018 0:00,4/30/2019 0:00,,Rukum West,NP0652,560.1677902
Aathrai,NP0108403,,,,1,NP01,Nepal,NP,11/28/2018 0:00,4/30/2019 0:00,,Terhathum,NP0108,166.5604057
Aathrai Tribeni,NP0101406,,,,1,NP01,Nepal,NP,11/28/2018 0:00,4/30/2019 0:00,,Taplejung,NP0101,88.56467718
Aaurahi,NP0217403,,,,2,NP02,Nepal,NP,11/28/2018 0:00,4/30/2019 0:00,,Dhanusha,NP0217,25.53531239
Adanchuli,NP0666407,,,,6,NP06,Nepal,NP,11/28/2018 0:00,4/30/2019 0:00,,Humla,NP0666,150.4854802
Adarshkotwal,NP0233409,,,,2,NP02,Nepal,NP,11/28/2018 0:00,4/30/2019 0:00,,Bara,NP0233,36.24423381
Adharsha,NP0770401,,,,7,NP07,Nepal,NP,11/28/2018 0:00,4/30/2019 0:00,,Doti,NP0770,128.2057731
Agnisair Krishna Savaran,NP0215402,,,,2,NP02,Nepal,NP,11/28/2018 0:00,4/30/2019 0:00,,Saptari,NP0215,102.9040445
Ainselukhark,NP0112401,,,,1,NP01,Nepal,NP,11/28/2018 0:00,4/30/2019 0:00,,Khotang,NP0112,125.1814215
Ajaymeru,NP0773402,,,,7,NP07,Nepal,NP,11/28/2018 0:00,4/30/2019 0:00,,Dadeldhura,NP0773,148.5155632
Ajirkot,NP0436402,,,,4,NP04,Nepal,NP,11/28/2018 0:00,4/30/2019 0:00,,Gorkha,NP0436,198.0705563
Alital,NP0773404,,,,7,NP07,Nepal,NP,11/28/2018 0:00,4/30/2019 0:00,,Dadeldhura,NP0773,292.1051711
Amargadhi,NP0773302,,,,7,NP07,Nepal,NP,11/28/2018 0:00,4/30/2019 0:00,,Dadeldhura,NP0773,138.9772041
Anbukhaireni,NP0440405,,,,4,NP04,Nepal,NP,11/28/2018 0:00,4/30/2019 0:00,,Tanahu,NP0440,128.0178754
Annapurna,NP0439401,,,,4,NP04,Nepal,NP,11/28/2018 0:00,4/30/2019 0:00,,Kaski,NP0439,417.8219676
Annapurna,NP0444403,,,,4,NP04,Nepal,NP,11/28/2018 0:00,4/30/2019 0:00,,Myagdi,NP0444,556.5249206
Apihimal,NP0775403,,,,7,NP07,Nepal,NP,11/28/2018 0:00,4/30/2019 0:00,,Darchula,NP0775,612.7228973
Arjunchaupari,NP0441403,,,,4,NP04,Nepal,NP,11/28/2018 0:00,4/30/2019 0:00,,Syangja,NP0441,57.22998877
Arjundhara,NP0104304,,,,1,NP01,Nepal,NP,11/28/2018 0:00,4/30/2019 0:00,,Jhapa,NP0104,109.459492
Arnama,NP0216403,,,,2,NP02,Nepal,NP,11/28/2018 0:00,4/30/2019 0:00,,Siraha,NP0216,37.71878417
Arun,NP0110403,,,,1,NP01,Nepal,NP,11/28/2018 0:00,4/30/2019 0:00,,Bhojpur,NP0110,154.4071881
Aurahi,NP0216404,,,,2,NP02,Nepal,NP,11/28/2018 0:00,4/30/2019 0:00,,Siraha,NP0216,35.82919674
Aurahi,NP0218303,,,,2,NP02,Nepal,NP,11/28/2018 0:00,4/30/2019 0:00,,Mahottari,NP0218,35.73443629
Ayirabati,NP0555407,,,,5,NP05,Nepal,NP,11/28/2018 0:00,4/30/2019 0:00,,Pyuthan,NP0555,156.7263589
Babai,NP0556401,,,,5,NP05,Nepal,NP,11/28/2018 0:00,4/30/2019 0:00,,Dang,NP0556,200.9715397
Badhaiyatal,NP0558402,,,,5,NP05,Nepal,NP,11/28/2018 0:00,4/30/2019 0:00,,Bardiya,NP0558,115.038468
Badigad,NP0443403,,,,4,NP04,Nepal,NP,11/28/2018 0:00,4/30/2019 0:00,,Baglung,NP0443,178.688416
Badikedar,NP0770406,,,,7,NP07,Nepal,NP,11/28/2018 0:00,4/30/2019 0:00,,Doti,NP0770,331.8676254
Badimalika,NP0768302,,,,7,NP07,Nepal,NP,11/28/2018 0:00,4/30/2019 0:00,,Bajura,NP0768,275.6586373
Bagchaur,NP0653302,,,,6,NP06,Nepal,NP,11/28/2018 0:00,4/30/2019 0:00,,Salyan,NP0653,163.0625871
Baglung,NP0443303,,,,4,NP04,Nepal,NP,11/28/2018 0:00,4/30/2019 0:00,,Baglung,NP0443,98.92193847
Bagmati,NP0219301,,,,2,NP02,Nepal,NP,11/28/2018 0:00,4/30/2019 0:00,,Sarlahi,NP0219,101.1488554
Bagmati,NP0325401,,,,3,NP03,Nepal,NP,11/28/2018 0:00,4/30/2019 0:00,,Lalitpur,NP0325,111.4694788
Bagmati,NP0331408,,,,3,NP03,Nepal,NP,11/28/2018 0:00,4/30/2019 0:00,,Makawanpur,NP0331,311.7037026
Bagnaskali,NP0546405,,,,5,NP05,Nepal,NP,11/28/2018 0:00,4/30/2019 0:00,,Palpa,NP0546,84.17936156
Bahudaramai,NP0234302,,,,2,NP02,Nepal,NP,11/28/2018 0:00,4/30/2019 0:00,,Parsa,NP0234,31.55221825
Baijanath,NP0557402,,,,5,NP05,Nepal,NP,11/28/2018 0:00,4/30/2019 0:00,,Banke,NP0557,141.5214068
Baiteshwor,NP0322404,,,,3,NP03,Nepal,NP,11/28/2018 0:00,4/30/2019 0:00,,Dolakha,NP0322,80.42941299
Bakaiya,NP0331407,,,,3,NP03,Nepal,NP,11/28/2018 0:00,4/30/2019 0:00,,Makawanpur,NP0331,393.6881026
Balan Bihul,NP0215404,,,,2,NP02,Nepal,NP,11/28/2018 0:00,4/30/2019 0:00,,Saptari,NP0215,32.99984823
Balara,NP0219311,,,,2,NP02,Nepal,NP,11/28/2018 0:00,4/30/2019 0:00,,Sarlahi,NP0219,48.53633195
Balefi,NP0323406,,,,3,NP03,Nepal,NP,11/28/2018 0:00,4/30/2019 0:00,,Sindhupalchok,NP0323,61.58693239
Balwa,NP0218307,,,,2,NP02,Nepal,NP,11/28/2018 0:00,4/30/2019 0:00,,Mahottari,NP0218,44.04858513
Bandipur,NP0440404,,,,4,NP04,Nepal,NP,11/28/2018 0:00,4/30/2019 0:00,,Tanahu,NP0440,101.5573695
Banepa,NP0324302,,,,3,NP03,Nepal,NP,11/28/2018 0:00,4/30/2019 0:00,,Kabhrepalanchok,NP0324,54.57886141
Banfikot,NP0652402,,,,6,NP06,Nepal,NP,11/28/2018 0:00,4/30/2019 0:00,,Rukum West,NP0652,190.3443838
Bangad Kupinde,NP0653301,,,,6,NP06,Nepal,NP,11/28/2018 0:00,4/30/2019 0:00,,Salyan,NP0653,337.9630507
Banganga,NP0549303,,,,5,NP05,Nepal,NP,11/28/2018 0:00,4/30/2019 0:00,,Kapilbastu,NP0549,233.6901041
Banglachuli,NP0556405,,,,5,NP05,Nepal,NP,11/28/2018 0:00,4/30/2019 0:00,,Dang,NP0556,245.0870705
Bannigadhi Jayagadh,NP0769403,,,,7,NP07,Nepal,NP,11/28/2018 0:00,4/30/2019 0:00,,Achham,NP0769,58.17577594
Bansagadhi,NP0558306,,,,5,NP05,Nepal,NP,11/28/2018 0:00,4/30/2019 0:00,,Bardiya,NP0558,205.828249
Baragadhi,NP0233406,,,,2,NP02,Nepal,NP,11/28/2018 0:00,4/30/2019 0:00,,Bara,NP0233,39.28629871
Barahchhetra,NP0106301,,,,1,NP01,Nepal,NP,11/28/2018 0:00,4/30/2019 0:00,,Sunsari,NP0106,221.5900515
Barahapokhari,NP0112407,,,,1,NP01,Nepal,NP,11/28/2018 0:00,4/30/2019 0:00,,Khotang,NP0112,141.3587067
Barahathawa,NP0219304,,,,2,NP02,Nepal,NP,11/28/2018 0:00,4/30/2019 0:00,,Sarlahi,NP0219,107.0184215
Barahtal,NP0659402,,,,6,NP06,Nepal,NP,11/28/2018 0:00,4/30/2019 0:00,,Surkhet,NP0659,454.5033801
Barbardiya,NP0558305,,,,5,NP05,Nepal,NP,11/28/2018 0:00,4/30/2019 0:00,,Bardiya,NP0558,226.4979498
Bardaghat,NP0547302,,,,5,NP05,Nepal,NP,11/28/2018 0:00,4/30/2019 0:00,,Nawalparasi West,NP0547,178.5142393
Bardagoriya,NP0771405,,,,7,NP07,Nepal,NP,11/28/2018 0:00,4/30/2019 0:00,,Kailali,NP0771,77.11600576
Bardibas,NP0218301,,,,2,NP02,Nepal,NP,11/28/2018 0:00,4/30/2019 0:00,,Mahottari,NP0218,315.3741377
Bardiya National Park,NP0558597,,,,5,NP05,Nepal,NP,11/28/2018 0:00,4/30/2019 0:00,,Bardiya,NP0558,896.2537772
Barekot,NP0660403,,,,6,NP06,Nepal,NP,11/28/2018 0:00,4/30/2019 0:00,,Jajarkot,NP0660,577.2243223
Bareng,NP0443406,,,,4,NP04,Nepal,NP,11/28/2018 0:00,4/30/2019 0:00,,Baglung,NP0443,75.29480403
Barhabise,NP0323303,,,,3,NP03,Nepal,NP,11/28/2018 0:00,4/30/2019 0:00,,Sindhupalchok,NP0323,134.7211809
Barhadashi,NP0104405,,,,1,NP01,Nepal,NP,11/28/2018 0:00,4/30/2019 0:00,,Jhapa,NP0104,80.03273748
Baragaun Muktichhetra,NP0445403,,,,4,NP04,Nepal,NP,11/28/2018 0:00,4/30/2019 0:00,,Mustang,NP0445,885.9241832
Bariyarpatti,NP0216405,,,,2,NP02,Nepal,NP,11/28/2018 0:00,4/30/2019 0:00,,Siraha,NP0216,37.67295168
Barju,NP0106406,,,,1,NP01,Nepal,NP,11/28/2018 0:00,4/30/2019 0:00,,Sunsari,NP0106,69.26949734
Basbariya,NP0219401,,,,2,NP02,Nepal,NP,11/28/2018 0:00,4/30/2019 0:00,,Sarlahi,NP0219,29.41079382
Bateshwor,NP0217401,,,,2,NP02,Nepal,NP,11/28/2018 0:00,4/30/2019 0:00,,Dhanusha,NP0217,31.63410569
Baudhimai,NP0232310,,,,2,NP02,Nepal,NP,11/28/2018 0:00,4/30/2019 0:00,,Rautahat,NP0232,35.33800397
Bedkot,NP0772303,,,,7,NP07,Nepal,NP,11/28/2018 0:00,4/30/2019 0:00,,Kanchanpur,NP0772,159.4293601
Belaka,NP0114304,,,,1,NP01,Nepal,NP,11/28/2018 0:00,4/30/2019 0:00,,Udayapur,NP0114,338.6442642
Belauri,NP0772306,,,,7,NP07,Nepal,NP,11/28/2018 0:00,4/30/2019 0:00,,Kanchanpur,NP0772,123.0135052
Belbari,NP0105303,,,,1,NP01,Nepal,NP,11/28/2018 0:00,4/30/2019 0:00,,Morang,NP0105,132.4351794
Beldandi,NP0772401,,,,7,NP07,Nepal,NP,11/28/2018 0:00,4/30/2019 0:00,,Kanchanpur,NP0772,36.58685773
Rajgadh,NP0215406,,,,2,NP02,Nepal,NP,11/28/2018 0:00,4/30/2019 0:00,,Saptari,NP0215,47.84557947
Belkotgadhi,NP0328302,,,,3,NP03,Nepal,NP,11/28/2018 0:00,4/30/2019 0:00,,Nuwakot,NP0328,155.5846901
Beni,NP0444301,,,,4,NP04,Nepal,NP,11/28/2018 0:00,4/30/2019 0:00,,Myagdi,NP0444,76.58545798
Benighat Rorang,NP0330408,,,,3,NP03,Nepal,NP,11/28/2018 0:00,4/30/2019 0:00,,Dhading,NP0330,206.538973
Besishahar,NP0437302,,,,4,NP04,Nepal,NP,11/28/2018 0:00,4/30/2019 0:00,,Lamjung,NP0437,127.6605084
Bethanchowk,NP0324403,,,,3,NP03,Nepal,NP,11/28/2018 0:00,4/30/2019 0:00,,Kabhrepalanchok,NP0324,100.9730911
Bhadrapur,NP0104308,,,,1,NP01,Nepal,NP,11/28/2018 0:00,4/30/2019 0:00,,Jhapa,NP0104,95.98317757
Bhagawanpur,NP0216409,,,,2,NP02,Nepal,NP,11/28/2018 0:00,4/30/2019 0:00,,Siraha,NP0216,32.9884969
Bhagawatimai,NP0661407,,,,6,NP06,Nepal,NP,11/28/2018 0:00,4/30/2019 0:00,,Dailekh,NP0661,151.392343
Bhageshwar,NP0773401,,,,7,NP07,Nepal,NP,11/28/2018 0:00,4/30/2019 0:00,,Dadeldhura,NP0773,232.7292865
Bhairabi,NP0661402,,,,6,NP06,Nepal,NP,11/28/2018 0:00,4/30/2019 0:00,,Dailekh,NP0661,110.3421489
Bhajani,NP0771304,,,,7,NP07,Nepal,NP,11/28/2018 0:00,4/30/2019 0:00,,Kailali,NP0771,175.8993344
Bhaktapur,NP0326303,,,,3,NP03,Nepal,NP,11/28/2018 0:00,4/30/2019 0:00,,Bhaktapur,NP0326,6.554755937
Bhangaha,NP0218304,,,,2,NP02,Nepal,NP,11/28/2018 0:00,4/30/2019 0:00,,Mahottari,NP0218,77.16455893
Bhanu,NP0440303,,,,4,NP04,Nepal,NP,11/28/2018 0:00,4/30/2019 0:00,,Tanahu,NP0440,184.3256254
Bharatpur,NP0335101,,,,3,NP03,Nepal,NP,11/28/2018 0:00,4/30/2019 0:00,,Chitawan,NP0335,433.0292315
Bheri,NP0660302,,,,6,NP06,Nepal,NP,11/28/2018 0:00,4/30/2019 0:00,,Jajarkot,NP0660,219.6422949
Bheriganga,NP0659302,,,,6,NP06,Nepal,NP,11/28/2018 0:00,4/30/2019 0:00,,Surkhet,NP0659,255.9277762
Bhimad,NP0440304,,,,4,NP04,Nepal,NP,11/28/2018 0:00,4/30/2019 0:00,,Tanahu,NP0440,129.3227222
Bhimdatta,NP0772302,,,,7,NP07,Nepal,NP,11/28/2018 0:00,4/30/2019 0:00,,Kanchanpur,NP0772,171.25041
Bhimeshwor,NP0322301,,,,3,NP03,Nepal,NP,11/28/2018 0:00,4/30/2019 0:00,,Dolakha,NP0322,132.40544
Bhimphedi,NP0331404,,,,3,NP03,Nepal,NP,11/28/2018 0:00,4/30/2019 0:00,,Makawanpur,NP0331,245.2536443
Bhimsenthapa,NP0436407,,,,4,NP04,Nepal,NP,11/28/2018 0:00,4/30/2019 0:00,,Gorkha,NP0436,101.2572499
Bhirkot,NP0441302,,,,4,NP04,Nepal,NP,11/28/2018 0:00,4/30/2019 0:00,,Syangja,NP0441,78.24984826
Bhojpur,NP0110302,,,,1,NP01,Nepal,NP,11/28/2018 0:00,4/30/2019 0:00,,Bhojpur,NP0110,159.1875615
Bhokraha Narshingh,NP0106402,,,,1,NP01,Nepal,NP,11/28/2018 0:00,4/30/2019 0:00,,Sunsari,NP0106,63.235697
Bhotekoshi,NP0323404,,,,3,NP03,Nepal,NP,11/28/2018 0:00,4/30/2019 0:00,,Sindhupalchok,NP0323,278.1273072
Bhotkhola,NP0109402,,,,1,NP01,Nepal,NP,11/28/2018 0:00,4/30/2019 0:00,,Sankhuwasabha,NP0109,731.526231
Bhume,NP0552403,,,,5,NP05,Nepal,NP,11/28/2018 0:00,4/30/2019 0:00,,Rukum East,NP0552,273.6158076
Bhumekasthan,NP0550301,,,,5,NP05,Nepal,NP,11/28/2018 0:00,4/30/2019 0:00,,Arghakhanchi,NP0550,159.1265014
Bhumlu,NP0324401,,,,3,NP03,Nepal,NP,11/28/2018 0:00,4/30/2019 0:00,,Kabhrepalanchok,NP0324,91.44594329
Bideha,NP0217310,,,,2,NP02,Nepal,NP,11/28/2018 0:00,4/30/2019 0:00,,Dhanusha,NP0217,45.47283698
Bidur,NP0328301,,,,3,NP03,Nepal,NP,11/28/2018 0:00,4/30/2019 0:00,,Nuwakot,NP0328,129.9954476
Bigu,NP0322401,,,,3,NP03,Nepal,NP,11/28/2018 0:00,4/30/2019 0:00,,Dolakha,NP0322,612.6464256
Bihadi,NP0442403,,,,4,NP04,Nepal,NP,11/28/2018 0:00,4/30/2019 0:00,,Parbat,NP0442,44.80623044
Bijayanagar,NP0549401,,,,5,NP05,Nepal,NP,11/28/2018 0:00,4/30/2019 0:00,,Kapilbastu,NP0549,173.1479098
Binayee Tribeni,NP0447404,,,,4,NP04,Nepal,NP,11/28/2018 0:00,4/30/2019 0:00,,Nawalparasi East,NP0447,288.1272656
Bindabasini,NP0234410,,,,2,NP02,Nepal,NP,11/28/2018 0:00,4/30/2019 0:00,,Parsa,NP0234,26.04487424
Biratnagar,NP0105101,,,,1,NP01,Nepal,NP,11/28/2018 0:00,4/30/2019 0:00,,Morang,NP0105,76.8164237
Birendranagar,NP0659303,,,,6,NP06,Nepal,NP,11/28/2018 0:00,4/30/2019 0:00,,Surkhet,NP0659,244.7038766
Birgunj,NP0234101,,,,2,NP02,Nepal,NP,11/28/2018 0:00,4/30/2019 0:00,,Parsa,NP0234,132.0843073
Birtamod,NP0104307,,,,1,NP01,Nepal,NP,11/28/2018 0:00,4/30/2019 0:00,,Jhapa,NP0104,77.95377023
Biruwa,NP0441404,,,,4,NP04,Nepal,NP,11/28/2018 0:00,4/30/2019 0:00,,Syangja,NP0441,95.81102118
Bishnu,NP0219408,,,,2,NP02,Nepal,NP,11/28/2018 0:00,4/30/2019 0:00,,Sarlahi,NP0219,28.08486509
Bishnupur,NP0215407,,,,2,NP02,Nepal,NP,11/28/2018 0:00,4/30/2019 0:00,,Saptari,NP0215,36.55735561
Bishnupur,NP0216402,,,,2,NP02,Nepal,NP,11/28/2018 0:00,4/30/2019 0:00,,Siraha,NP0216,26.31719813
Bishrampur,NP0233404,,,,2,NP02,Nepal,NP,11/28/2018 0:00,4/30/2019 0:00,,Bara,NP0233,19.81019277
Bithadchir,NP0767404,,,,7,NP07,Nepal,NP,11/28/2018 0:00,4/30/2019 0:00,,Bajhang,NP0767,85.96587002
Bode Barsain,NP0215306,,,,2,NP02,Nepal,NP,11/28/2018 0:00,4/30/2019 0:00,,Saptari,NP0215,58.84572821
Bogtan Fudisal,NP0770407,,,,7,NP07,Nepal,NP,11/28/2018 0:00,4/30/2019 0:00,,Doti,NP0770,299.6663891
Bramhapuri,NP0219407,,,,2,NP02,Nepal,NP,11/28/2018 0:00,4/30/2019 0:00,,Sarlahi,NP0219,33.8791576
Brindaban,NP0232305,,,,2,NP02,Nepal,NP,11/28/2018 0:00,4/30/2019 0:00,,Rautahat,NP0232,95.38082441
Buddhabhumi,NP0549302,,,,5,NP05,Nepal,NP,11/28/2018 0:00,4/30/2019 0:00,,Kapilbastu,NP0549,366.676372
Buddhashanti,NP0104402,,,,1,NP01,Nepal,NP,11/28/2018 0:00,4/30/2019 0:00,,Jhapa,NP0104,79.4710271
Budhanilakantha,NP0327303,,,,3,NP03,Nepal,NP,11/28/2018 0:00,4/30/2019 0:00,,Kathmandu,NP0327,34.79135949
Budhiganga,NP0105404,,,,1,NP01,Nepal,NP,11/28/2018 0:00,4/30/2019 0:00,,Morang,NP0105,56.27513065
Budhiganga,NP0768303,,,,7,NP07,Nepal,NP,11/28/2018 0:00,4/30/2019 0:00,,Bajura,NP0768,59.10977723
Budhinanda,NP0768301,,,,7,NP07,Nepal,NP,11/28/2018 0:00,4/30/2019 0:00,,Bajura,NP0768,232.2255881
Bulingtar,NP0447402,,,,4,NP04,Nepal,NP,11/28/2018 0:00,4/30/2019 0:00,,Nawalparasi East,NP0447,147.7051167
Bungal,NP0767301,,,,7,NP07,Nepal,NP,11/28/2018 0:00,4/30/2019 0:00,,Bajhang,NP0767,446.7040066
Baudikali,NP0447401,,,,4,NP04,Nepal,NP,11/28/2018 0:00,4/30/2019 0:00,,Nawalparasi East,NP0447,91.88721667
Butwal,NP0548201,,,,5,NP05,Nepal,NP,11/28/2018 0:00,4/30/2019 0:00,,Rupandehi,NP0548,101.6266511
Byas,NP0440302,,,,4,NP04,Nepal,NP,11/28/2018 0:00,4/30/2019 0:00,,Tanahu,NP0440,247.7812635
Byas,NP0775401,,,,7,NP07,Nepal,NP,11/28/2018 0:00,4/30/2019 0:00,,Darchula,NP0775,837.5709249
Chabispathivera,NP0767407,,,,7,NP07,Nepal,NP,11/28/2018 0:00,4/30/2019 0:00,,Bajhang,NP0767,116.127757
Chainpur,NP0109303,,,,1,NP01,Nepal,NP,11/28/2018 0:00,4/30/2019 0:00,,Sankhuwasabha,NP0109,223.1310717
Chakraghatta,NP0219404,,,,2,NP02,Nepal,NP,11/28/2018 0:00,4/30/2019 0:00,,Sarlahi,NP0219,25.1475689
Chame,NP0438403,,,,4,NP04,Nepal,NP,11/28/2018 0:00,4/30/2019 0:00,,Manang,NP0438,78.87387877
Champadevi,NP0113404,,,,1,NP01,Nepal,NP,11/28/2018 0:00,4/30/2019 0:00,,Okhaldhunga,NP0113,126.7792935
Chamunda Bindrasaini,NP0661302,,,,6,NP06,Nepal,NP,11/28/2018 0:00,4/30/2019 0:00,,Dailekh,NP0661,90.49163785
Chandannath,NP0663301,,,,6,NP06,Nepal,NP,11/28/2018 0:00,4/30/2019 0:00,,Jumla,NP0663,101.9738889
Chandragiri,NP0327308,,,,3,NP03,Nepal,NP,11/28/2018 0:00,4/30/2019 0:00,,Kathmandu,NP0327,43.9090843
Chandrakot,NP0551406,,,,5,NP05,Nepal,NP,11/28/2018 0:00,4/30/2019 0:00,,Gulmi,NP0551,105.737458
Chandranagar,NP0219402,,,,2,NP02,Nepal,NP,11/28/2018 0:00,4/30/2019 0:00,,Sarlahi,NP0219,47.48157069
Chandrapur,NP0232302,,,,2,NP02,Nepal,NP,11/28/2018 0:00,4/30/2019 0:00,,Rautahat,NP0232,249.8963853
Changunarayan,NP0326302,,,,3,NP03,Nepal,NP,11/28/2018 0:00,4/30/2019 0:00,,Bhaktapur,NP0326,62.96161619
Chankheli,NP0666405,,,,6,NP06,Nepal,NP,11/28/2018 0:00,4/30/2019 0:00,,Humla,NP0666,1309.762018
Chapakot,NP0441305,,,,4,NP04,Nepal,NP,11/28/2018 0:00,4/30/2019 0:00,,Syangja,NP0441,120.610298
Chatrakot,NP0551407,,,,5,NP05,Nepal,NP,11/28/2018 0:00,4/30/2019 0:00,,Gulmi,NP0551,87.02977045
Chaubise,NP0107404,,,,1,NP01,Nepal,NP,11/28/2018 0:00,4/30/2019 0:00,,Dhankuta,NP0107,147.1966764
Chaudandigadhi,NP0114303,,,,1,NP01,Nepal,NP,11/28/2018 0:00,4/30/2019 0:00,,Udayapur,NP0114,283.2691502
Chaukune,NP0659401,,,,6,NP06,Nepal,NP,11/28/2018 0:00,4/30/2019 0:00,,Surkhet,NP0659,380.402038
Chaurideurali,NP0324402,,,,3,NP03,Nepal,NP,11/28/2018 0:00,4/30/2019 0:00,,Kabhrepalanchok,NP0324,97.79732365
Chaurjahari,NP0652302,,,,6,NP06,Nepal,NP,11/28/2018 0:00,4/30/2019 0:00,,Rukum West,NP0652,107.3110748
Chaurpati,NP0769401,,,,7,NP07,Nepal,NP,11/28/2018 0:00,4/30/2019 0:00,,Achham,NP0769,181.8509117
Chautara Sangachok Gadhi,NP0323302,,,,3,NP03,Nepal,NP,11/28/2018 0:00,4/30/2019 0:00,,Sindhupalchok,NP0323,165.1697641
Chharka Tangsong,NP0662406,,,,6,NP06,Nepal,NP,11/28/2018 0:00,4/30/2019 0:00,,Dolpa,NP0662,1965.266941
Chhathar,NP0108404,,,,1,NP01,Nepal,NP,11/28/2018 0:00,4/30/2019 0:00,,Terhathum,NP0108,133.561943
Chhathar Jorpati,NP0107402,,,,1,NP01,Nepal,NP,11/28/2018 0:00,4/30/2019 0:00,,Dhankuta,NP0107,102.5639969
Chhatradev,NP0550402,,,,5,NP05,Nepal,NP,11/28/2018 0:00,4/30/2019 0:00,,Arghakhanchi,NP0550,87.62765156
Chhatreshwori,NP0653405,,,,6,NP06,Nepal,NP,11/28/2018 0:00,4/30/2019 0:00,,Salyan,NP0653,150.622732
Chhayanath Rara,NP0665301,,,,6,NP06,Nepal,NP,11/28/2018 0:00,4/30/2019 0:00,,Mugu,NP0665,480.4023563
Chhedagad,NP0660301,,,,6,NP06,Nepal,NP,11/28/2018 0:00,4/30/2019 0:00,,Jajarkot,NP0660,283.9965254
Khaptad Chhededaha,NP0768403,,,,7,NP07,Nepal,NP,11/28/2018 0:00,4/30/2019 0:00,,Bajura,NP0768,127.3313864
Chhinnamasta,NP0215408,,,,2,NP02,Nepal,NP,11/28/2018 0:00,4/30/2019 0:00,,Saptari,NP0215,38.64513174
Chhipaharmai,NP0234407,,,,2,NP02,Nepal,NP,11/28/2018 0:00,4/30/2019 0:00,,Parsa,NP0234,24.89935829
Chhireshwornath,NP0217303,,,,2,NP02,Nepal,NP,11/28/2018 0:00,4/30/2019 0:00,,Dhanusha,NP0217,50.80788313
Chichila,NP0109404,,,,1,NP01,Nepal,NP,11/28/2018 0:00,4/30/2019 0:00,,Sankhuwasabha,NP0109,88.33418882
Chingad,NP0659403,,,,6,NP06,Nepal,NP,11/28/2018 0:00,4/30/2019 0:00,,Surkhet,NP0659,170.0204423
Chisankhugadhi,NP0113406,,,,1,NP01,Nepal,NP,11/28/2018 0:00,4/30/2019 0:00,,Okhaldhunga,NP0113,111.7692447
Chitwan National Park,NP0234597,,,,2,NP02,Nepal,NP,11/28/2018 0:00,4/30/2019 0:00,,Parsa,NP0234,146.5928227
Chitwan National Park,NP0331597,,,,3,NP03,Nepal,NP,11/28/2018 0:00,4/30/2019 0:00,,Makawanpur,NP0331,65.16633883
Chitwan National Park,NP0335597,,,,3,NP03,Nepal,NP,11/28/2018 0:00,4/30/2019 0:00,,Chitawan,NP0335,906.2885491
Chitwan National Park,NP0447597,,,,4,NP04,Nepal,NP,11/28/2018 0:00,4/30/2019 0:00,,Nawalparasi East,NP0447,94.6825357
Chulachuli,NP0103404,,,,1,NP01,Nepal,NP,11/28/2018 0:00,4/30/2019 0:00,,Ilam,NP0103,108.117512
Chum Nubri,NP0436401,,,,4,NP04,Nepal,NP,11/28/2018 0:00,4/30/2019 0:00,,Gorkha,NP0436,1648.717552
Chure,NP0771401,,,,7,NP07,Nepal,NP,11/28/2018 0:00,4/30/2019 0:00,,Kailali,NP0771,492.029427
Dakneshwori,NP0215307,,,,2,NP02,Nepal,NP,11/28/2018 0:00,4/30/2019 0:00,,Saptari,NP0215,69.00829932
Dakshinkali,NP0327310,,,,3,NP03,Nepal,NP,11/28/2018 0:00,4/30/2019 0:00,,Kathmandu,NP0327,42.67346295
Lo-Ghekar Damodarkunda,NP0445402,,,,4,NP04,Nepal,NP,11/28/2018 0:00,4/30/2019 0:00,,Mustang,NP0445,1347.522887
Damak,NP0104301,,,,1,NP01,Nepal,NP,11/28/2018 0:00,4/30/2019 0:00,,Jhapa,NP0104,70.63989661
Dangisharan,NP0556402,,,,5,NP05,Nepal,NP,11/28/2018 0:00,4/30/2019 0:00,,Dang,NP0556,110.6344184
Darma,NP0653402,,,,6,NP06,Nepal,NP,11/28/2018 0:00,4/30/2019 0:00,,Salyan,NP0653,81.41936229
Dasharathchanda,NP0774301,,,,7,NP07,Nepal,NP,11/28/2018 0:00,4/30/2019 0:00,,Baitadi,NP0774,134.7830714
Deumai,NP0103301,,,,1,NP01,Nepal,NP,11/28/2018 0:00,4/30/2019 0:00,,Ilam,NP0103,191.1210577
Devchuli,NP0447303,,,,4,NP04,Nepal,NP,11/28/2018 0:00,4/30/2019 0:00,,Nawalparasi East,NP0447,112.7380925
Devdaha,NP0548302,,,,5,NP05,Nepal,NP,11/28/2018 0:00,4/30/2019 0:00,,Rupandehi,NP0548,136.9793351
Devghat,NP0440406,,,,4,NP04,Nepal,NP,11/28/2018 0:00,4/30/2019 0:00,,Tanahu,NP0440,159.4756356
Devtal,NP0233407,,,,2,NP02,Nepal,NP,11/28/2018 0:00,4/30/2019 0:00,,Bara,NP0233,23.30633241
Dewahhi Gonahi,NP0232307,,,,2,NP02,Nepal,NP,11/28/2018 0:00,4/30/2019 0:00,,Rautahat,NP0232,33.98466703
Dewanganj,NP0106405,,,,1,NP01,Nepal,NP,11/28/2018 0:00,4/30/2019 0:00,,Sunsari,NP0106,53.44398698
Dhakari,NP0769405,,,,7,NP07,Nepal,NP,11/28/2018 0:00,4/30/2019 0:00,,Achham,NP0769,227.5220887
Dhanauji,NP0217404,,,,2,NP02,Nepal,NP,11/28/2018 0:00,4/30/2019 0:00,,Dhanusha,NP0217,22.11099861
Dhangadhi,NP0771201,,,,7,NP07,Nepal,NP,11/28/2018 0:00,4/30/2019 0:00,,Kailali,NP0771,261.1199574
Dhangadhimai,NP0216304,,,,2,NP02,Nepal,NP,11/28/2018 0:00,4/30/2019 0:00,,Siraha,NP0216,159.3123567
Dhankaul,NP0219403,,,,2,NP02,Nepal,NP,11/28/2018 0:00,4/30/2019 0:00,,Sarlahi,NP0219,45.92601441
Dhankuta,NP0107303,,,,1,NP01,Nepal,NP,11/28/2018 0:00,4/30/2019 0:00,,Dhankuta,NP0107,110.5692714
Dhanpalthan,NP0105408,,,,1,NP01,Nepal,NP,11/28/2018 0:00,4/30/2019 0:00,,Morang,NP0105,70.07848808
Dhanusadham,NP0217304,,,,2,NP02,Nepal,NP,11/28/2018 0:00,4/30/2019 0:00,,Dhanusha,NP0217,91.56680412
Dharan,NP0106201,,,,1,NP01,Nepal,NP,11/28/2018 0:00,4/30/2019 0:00,,Sunsari,NP0106,192.1454693
Dharche,NP0436404,,,,4,NP04,Nepal,NP,11/28/2018 0:00,4/30/2019 0:00,,Gorkha,NP0436,651.5196448
Dharmadevi,NP0109304,,,,1,NP01,Nepal,NP,11/28/2018 0:00,4/30/2019 0:00,,Sankhuwasabha,NP0109,132.4961114
Dhaulagiri,NP0444401,,,,4,NP04,Nepal,NP,11/28/2018 0:00,4/30/2019 0:00,,Myagdi,NP0444,858.7199282
Dhobini,NP0234406,,,,2,NP02,Nepal,NP,11/28/2018 0:00,4/30/2019 0:00,,Parsa,NP0234,24.41137282
Siddhakumakh,NP0653403,,,,6,NP06,Nepal,NP,11/28/2018 0:00,4/30/2019 0:00,,Salyan,NP0653,89.31124886
Dhorpatan,NP0443301,,,,4,NP04,Nepal,NP,11/28/2018 0:00,4/30/2019 0:00,,Baglung,NP0443,222.854964
Dhorpatan Hunting Reserve,NP0443598,,,,4,NP04,Nepal,NP,11/28/2018 0:00,4/30/2019 0:00,,Baglung,NP0443,312.1269849
Dhorpatan Hunting Reserve,NP0444598,,,,4,NP04,Nepal,NP,11/28/2018 0:00,4/30/2019 0:00,,Myagdi,NP0444,178.0379923
Dhorpatan Hunting Reserve,NP0552598,,,,5,NP05,Nepal,NP,11/28/2018 0:00,4/30/2019 0:00,,Rukum East,NP0552,521.1093371
Dhulikhel,NP0324303,,,,3,NP03,Nepal,NP,11/28/2018 0:00,4/30/2019 0:00,,Kabhrepalanchok,NP0324,54.59726098
Dhunibesi,NP0330302,,,,3,NP03,Nepal,NP,11/28/2018 0:00,4/30/2019 0:00,,Dhading,NP0330,98.63229526
Dhurkot,NP0551403,,,,5,NP05,Nepal,NP,11/28/2018 0:00,4/30/2019 0:00,,Gulmi,NP0551,83.29184394
Dilasaini,NP0774401,,,,7,NP07,Nepal,NP,11/28/2018 0:00,4/30/2019 0:00,,Baitadi,NP0774,124.9760745
Dipayal Silgadi,NP0770302,,,,7,NP07,Nepal,NP,11/28/2018 0:00,4/30/2019 0:00,,Doti,NP0770,126.3737778
Diprung Chuichumma,NP0112404,,,,1,NP01,Nepal,NP,11/28/2018 0:00,4/30/2019 0:00,,Khotang,NP0112,136.2546095
Dogadakedar,NP0774402,,,,7,NP07,Nepal,NP,11/28/2018 0:00,4/30/2019 0:00,,Baitadi,NP0774,126.0530408
Dolpo Buddha,NP0662403,,,,6,NP06,Nepal,NP,11/28/2018 0:00,4/30/2019 0:00,,Dolpa,NP0662,1179.939368
Doramba,NP0321402,,,,3,NP03,Nepal,NP,11/28/2018 0:00,4/30/2019 0:00,,Ramechhap,NP0321,140.7747048
Dordi,NP0437403,,,,4,NP04,Nepal,NP,11/28/2018 0:00,4/30/2019 0:00,,Lamjung,NP0437,350.981368
Thulung Dudhkoshi,NP0111406,,,,1,NP01,Nepal,NP,11/28/2018 0:00,4/30/2019 0:00,,Solukhumbu,NP0111,144.3860498
Mapyadudhkoshi,NP0111404,,,,1,NP01,Nepal,NP,11/28/2018 0:00,4/30/2019 0:00,,Solukhumbu,NP0111,167.4151743
Dudhouli,NP0320302,,,,3,NP03,Nepal,NP,11/28/2018 0:00,4/30/2019 0:00,,Sindhuli,NP0320,389.9810371
Dudhpokhari,NP0437404,,,,4,NP04,Nepal,NP,11/28/2018 0:00,4/30/2019 0:00,,Lamjung,NP0437,153.3482143
Duduwa,NP0557404,,,,5,NP05,Nepal,NP,11/28/2018 0:00,4/30/2019 0:00,,Banke,NP0557,90.99590406
Duhabi,NP0106304,,,,1,NP01,Nepal,NP,11/28/2018 0:00,4/30/2019 0:00,,Sunsari,NP0106,67.59467542
Paribartan,NP0554402,,,,5,NP05,Nepal,NP,11/28/2018 0:00,4/30/2019 0:00,,Rolpa,NP0554,162.9894369
Dullu,NP0661303,,,,6,NP06,Nepal,NP,11/28/2018 0:00,4/30/2019 0:00,,Dailekh,NP0661,156.590696
Dungeshwor,NP0661406,,,,6,NP06,Nepal,NP,11/28/2018 0:00,4/30/2019 0:00,,Dailekh,NP0661,105.0860473
Dunhu,NP0775402,,,,7,NP07,Nepal,NP,11/28/2018 0:00,4/30/2019 0:00,,Darchula,NP0775,65.1883179
Dupcheshwar,NP0328408,,,,3,NP03,Nepal,NP,11/28/2018 0:00,4/30/2019 0:00,,Nuwakot,NP0328,131.5832586
Durga Bhagwati,NP0232402,,,,2,NP02,Nepal,NP,11/28/2018 0:00,4/30/2019 0:00,,Rautahat,NP0232,19.7937163
Durgathali,NP0767406,,,,7,NP07,Nepal,NP,11/28/2018 0:00,4/30/2019 0:00,,Bajhang,NP0767,61.71873403
Ekdanra,NP0218403,,,,2,NP02,Nepal,NP,11/28/2018 0:00,4/30/2019 0:00,,Mahottari,NP0218,23.98310125
Fakphokthum,NP0103401,,,,1,NP01,Nepal,NP,11/28/2018 0:00,4/30/2019 0:00,,Ilam,NP0103,108.440999
Falelung,NP0102403,,,,1,NP01,Nepal,NP,11/28/2018 0:00,4/30/2019 0:00,,Panchthar,NP0102,206.4114006
Falgunanda,NP0102405,,,,1,NP01,Nepal,NP,11/28/2018 0:00,4/30/2019 0:00,,Panchthar,NP0102,107.1857178
Gadhawa,NP0556406,,,,5,NP05,Nepal,NP,11/28/2018 0:00,4/30/2019 0:00,,Dang,NP0556,358.4747393
Gadhi,NP0106403,,,,1,NP01,Nepal,NP,11/28/2018 0:00,4/30/2019 0:00,,Sunsari,NP0106,66.91842752
Gadhimai,NP0232309,,,,2,NP02,Nepal,NP,11/28/2018 0:00,4/30/2019 0:00,,Rautahat,NP0232,49.43111867
Gaidahawa,NP0548403,,,,5,NP05,Nepal,NP,11/28/2018 0:00,4/30/2019 0:00,,Rupandehi,NP0548,96.80346532
Gaidakot,NP0447304,,,,4,NP04,Nepal,NP,11/28/2018 0:00,4/30/2019 0:00,,Nawalparasi East,NP0447,159.96385
Gajuri,NP0330409,,,,3,NP03,Nepal,NP,11/28/2018 0:00,4/30/2019 0:00,,Dhading,NP0330,139.3051266
Galchi,NP0330410,,,,3,NP03,Nepal,NP,11/28/2018 0:00,4/30/2019 0:00,,Dhading,NP0330,118.8552072
Galkot,NP0443302,,,,4,NP04,Nepal,NP,11/28/2018 0:00,4/30/2019 0:00,,Baglung,NP0443,194.4142097
Galyang,NP0441303,,,,4,NP04,Nepal,NP,11/28/2018 0:00,4/30/2019 0:00,,Syangja,NP0441,122.7327017
Ganayapdhura,NP0773405,,,,7,NP07,Nepal,NP,11/28/2018 0:00,4/30/2019 0:00,,Dadeldhura,NP0773,135.3331524
Gandaki,NP0436409,,,,4,NP04,Nepal,NP,11/28/2018 0:00,4/30/2019 0:00,,Gorkha,NP0436,123.8753231
Ganeshman Charnath,NP0217302,,,,2,NP02,Nepal,NP,11/28/2018 0:00,4/30/2019 0:00,,Dhanusha,NP0217,244.0948833
Gangajamuna,NP0330402,,,,3,NP03,Nepal,NP,11/28/2018 0:00,4/30/2019 0:00,,Dhading,NP0330,143.6414349
Garuda,NP0232308,,,,2,NP02,Nepal,NP,11/28/2018 0:00,4/30/2019 0:00,,Rautahat,NP0232,44.45429254
Gaumukhi,NP0555402,,,,5,NP05,Nepal,NP,11/28/2018 0:00,4/30/2019 0:00,,Pyuthan,NP0555,139.0314475
Gaumul,NP0768402,,,,7,NP07,Nepal,NP,11/28/2018 0:00,4/30/2019 0:00,,Bajura,NP0768,314.2541067
Gaur,NP0232315,,,,2,NP02,Nepal,NP,11/28/2018 0:00,4/30/2019 0:00,,Rautahat,NP0232,21.53012559
Gauradhaha,NP0104306,,,,1,NP01,Nepal,NP,11/28/2018 0:00,4/30/2019 0:00,,Jhapa,NP0104,149.4213909
Gauriganga,NP0771302,,,,7,NP07,Nepal,NP,11/28/2018 0:00,4/30/2019 0:00,,Kailali,NP0771,243.900616
Gauriganj,NP0104403,,,,1,NP01,Nepal,NP,11/28/2018 0:00,4/30/2019 0:00,,Jhapa,NP0104,101.024239
Gaurishankar,NP0322402,,,,3,NP03,Nepal,NP,11/28/2018 0:00,4/30/2019 0:00,,Dolakha,NP0322,680.6471871
Gaushala,NP0218302,,,,2,NP02,Nepal,NP,11/28/2018 0:00,4/30/2019 0:00,,Mahottari,NP0218,144.6536718
Geruwa,NP0558401,,,,5,NP05,Nepal,NP,11/28/2018 0:00,4/30/2019 0:00,,Bardiya,NP0558,78.27948203
Ghanglekh,NP0320403,,,,3,NP03,Nepal,NP,11/28/2018 0:00,4/30/2019 0:00,,Sindhuli,NP0320,166.6708453
Gharapjhong,NP0445404,,,,4,NP04,Nepal,NP,11/28/2018 0:00,4/30/2019 0:00,,Mustang,NP0445,316.9287593
Ghiring,NP0440402,,,,4,NP04,Nepal,NP,11/28/2018 0:00,4/30/2019 0:00,,Tanahu,NP0440,126.3762494
Ghodaghodi,NP0771303,,,,7,NP07,Nepal,NP,11/28/2018 0:00,4/30/2019 0:00,,Kailali,NP0771,353.7426378
Ghorahi,NP0556202,,,,5,NP05,Nepal,NP,11/28/2018 0:00,4/30/2019 0:00,,Dang,NP0556,522.0277964
Godaita,NP0219308,,,,2,NP02,Nepal,NP,11/28/2018 0:00,4/30/2019 0:00,,Sarlahi,NP0219,48.60623767
Godawari,NP0325301,,,,3,NP03,Nepal,NP,11/28/2018 0:00,4/30/2019 0:00,,Lalitpur,NP0325,96.09598132
Godawari,NP0771301,,,,7,NP07,Nepal,NP,11/28/2018 0:00,4/30/2019 0:00,,Kailali,NP0771,307.8494616
Gokarneshwor,NP0327304,,,,3,NP03,Nepal,NP,11/28/2018 0:00,4/30/2019 0:00,,Kathmandu,NP0327,58.47040631
Gokulganga,NP0321403,,,,3,NP03,Nepal,NP,11/28/2018 0:00,4/30/2019 0:00,,Ramechhap,NP0321,198.1896312
Golanjor,NP0320405,,,,3,NP03,Nepal,NP,11/28/2018 0:00,4/30/2019 0:00,,Sindhuli,NP0320,183.9699612
Golbazar,NP0216303,,,,2,NP02,Nepal,NP,11/28/2018 0:00,4/30/2019 0:00,,Siraha,NP0216,111.813581
Gorkha,NP0436302,,,,4,NP04,Nepal,NP,11/28/2018 0:00,4/30/2019 0:00,,Gorkha,NP0436,131.8811854
Gosaikunda,NP0329402,,,,3,NP03,Nepal,NP,11/28/2018 0:00,4/30/2019 0:00,,Rasuwa,NP0329,976.9582182
Gramthan,NP0105405,,,,1,NP01,Nepal,NP,11/28/2018 0:00,4/30/2019 0:00,,Morang,NP0105,71.65406141
Gujara,NP0232301,,,,2,NP02,Nepal,NP,11/28/2018 0:00,4/30/2019 0:00,,Rautahat,NP0232,150.3104462
Gulariya,NP0558304,,,,5,NP05,Nepal,NP,11/28/2018 0:00,4/30/2019 0:00,,Bardiya,NP0558,118.0398436
Gulmidarbar,NP0551405,,,,5,NP05,Nepal,NP,11/28/2018 0:00,4/30/2019 0:00,,Gulmi,NP0551,80.0067841
Gurans,NP0661405,,,,6,NP06,Nepal,NP,11/28/2018 0:00,4/30/2019 0:00,,Dailekh,NP0661,164.6125708
Gurbhakot,NP0659305,,,,6,NP06,Nepal,NP,11/28/2018 0:00,4/30/2019 0:00,,Surkhet,NP0659,228.4109782
Guthichaur,NP0663407,,,,6,NP06,Nepal,NP,11/28/2018 0:00,4/30/2019 0:00,,Jumla,NP0663,426.8297746
Haldibari,NP0104406,,,,1,NP01,Nepal,NP,11/28/2018 0:00,4/30/2019 0:00,,Jhapa,NP0104,116.9041112
Halesi Tuwachung,NP0112301,,,,1,NP01,Nepal,NP,11/28/2018 0:00,4/30/2019 0:00,,Khotang,NP0112,279.771844
Hansapur,NP0217307,,,,2,NP02,Nepal,NP,11/28/2018 0:00,4/30/2019 0:00,,Dhanusha,NP0217,48.6729798
Hanumannagar Kankalini,NP0215309,,,,2,NP02,Nepal,NP,11/28/2018 0:00,4/30/2019 0:00,,Saptari,NP0215,117.973003
Hariharpurgadhi,NP0320401,,,,3,NP03,Nepal,NP,11/28/2018 0:00,4/30/2019 0:00,,Sindhuli,NP0320,343.7840599
Harinagar,NP0106404,,,,1,NP01,Nepal,NP,11/28/2018 0:00,4/30/2019 0:00,,Sunsari,NP0106,52.1834039
Harinas,NP0441405,,,,4,NP04,Nepal,NP,11/28/2018 0:00,4/30/2019 0:00,,Syangja,NP0441,87.49527243
Haripur,NP0219305,,,,2,NP02,Nepal,NP,11/28/2018 0:00,4/30/2019 0:00,,Sarlahi,NP0219,66.83844871
Haripurwa,NP0219310,,,,2,NP02,Nepal,NP,11/28/2018 0:00,4/30/2019 0:00,,Sarlahi,NP0219,30.48848785
Hariwan,NP0219302,,,,2,NP02,Nepal,NP,11/28/2018 0:00,4/30/2019 0:00,,Sarlahi,NP0219,95.35745819
Hatuwagadhi,NP0110407,,,,1,NP01,Nepal,NP,11/28/2018 0:00,4/30/2019 0:00,,Bhojpur,NP0110,142.3014274
Helambu,NP0323401,,,,3,NP03,Nepal,NP,11/28/2018 0:00,4/30/2019 0:00,,Sindhupalchok,NP0323,287.5241782
Hetauda,NP0331201,,,,3,NP03,Nepal,NP,11/28/2018 0:00,4/30/2019 0:00,,Makawanpur,NP0331,261.5834308
Hilihang,NP0102401,,,,1,NP01,Nepal,NP,11/28/2018 0:00,4/30/2019 0:00,,Panchthar,NP0102,122.6151944
Hima,NP0663404,,,,6,NP06,Nepal,NP,11/28/2018 0:00,4/30/2019 0:00,,Jumla,NP0663,132.2189354
Himali,NP0768401,,,,7,NP07,Nepal,NP,11/28/2018 0:00,4/30/2019 0:00,,Bajura,NP0768,829.4566951
Hupsekot,NP0447403,,,,4,NP04,Nepal,NP,11/28/2018 0:00,4/30/2019 0:00,,Nawalparasi East,NP0447,189.2453008
Ichchhyakamana,NP0335401,,,,3,NP03,Nepal,NP,11/28/2018 0:00,4/30/2019 0:00,,Chitawan,NP0335,166.7518859
Illam,NP0103302,,,,1,NP01,Nepal,NP,11/28/2018 0:00,4/30/2019 0:00,,Ilam,NP0103,172.7100117
Inaruwa,NP0106303,,,,1,NP01,Nepal,NP,11/28/2018 0:00,4/30/2019 0:00,,Sunsari,NP0106,77.74369023
Indrasarowar,NP0331405,,,,3,NP03,Nepal,NP,11/28/2018 0:00,4/30/2019 0:00,,Makawanpur,NP0331,97.32749259
Indrawati,NP0323405,,,,3,NP03,Nepal,NP,11/28/2018 0:00,4/30/2019 0:00,,Sindhupalchok,NP0323,105.0707174
Ishanath,NP0232313,,,,2,NP02,Nepal,NP,11/28/2018 0:00,4/30/2019 0:00,,Rautahat,NP0232,35.16088571
Ishworpur,NP0219306,,,,2,NP02,Nepal,NP,11/28/2018 0:00,4/30/2019 0:00,,Sarlahi,NP0219,163.7482014
Isma,NP0551404,,,,5,NP05,Nepal,NP,11/28/2018 0:00,4/30/2019 0:00,,Gulmi,NP0551,81.88306255
Itahari,NP0106202,,,,1,NP01,Nepal,NP,11/28/2018 0:00,4/30/2019 0:00,,Sunsari,NP0106,93.55243297
Jagadulla,NP0662402,,,,6,NP06,Nepal,NP,11/28/2018 0:00,4/30/2019 0:00,,Dolpa,NP0662,777.4279613
Jagarnathpur,NP0234405,,,,2,NP02,Nepal,NP,11/28/2018 0:00,4/30/2019 0:00,,Parsa,NP0234,45.28993979
Jahada,NP0105407,,,,1,NP01,Nepal,NP,11/28/2018 0:00,4/30/2019 0:00,,Morang,NP0105,62.22106826
Jaimuni,NP0443304,,,,4,NP04,Nepal,NP,11/28/2018 0:00,4/30/2019 0:00,,Baglung,NP0443,118.7314115
Jaleswor,NP0218309,,,,2,NP02,Nepal,NP,11/28/2018 0:00,4/30/2019 0:00,,Mahottari,NP0218,44.23082847
Jaljala,NP0442401,,,,4,NP04,Nepal,NP,11/28/2018 0:00,4/30/2019 0:00,,Parbat,NP0442,82.27218538
Janaki,NP0771406,,,,7,NP07,Nepal,NP,11/28/2018 0:00,4/30/2019 0:00,,Kailali,NP0771,107.0827883
Janaknandani,NP0217406,,,,2,NP02,Nepal,NP,11/28/2018 0:00,4/30/2019 0:00,,Dhanusha,NP0217,27.59125011
Janakpurdham,NP0217201,,,,2,NP02,Nepal,NP,11/28/2018 0:00,4/30/2019 0:00,,Dhanusha,NP0217,91.90645005
Janki,NP0557403,,,,5,NP05,Nepal,NP,11/28/2018 0:00,4/30/2019 0:00,,Banke,NP0557,63.25120817
Jantedhunga,NP0112408,,,,1,NP01,Nepal,NP,11/28/2018 0:00,4/30/2019 0:00,,Khotang,NP0112,128.3833013
Jaya Prithivi,NP0767302,,,,7,NP07,Nepal,NP,11/28/2018 0:00,4/30/2019 0:00,,Bajhang,NP0767,166.5167053
Jhapa,NP0104404,,,,1,NP01,Nepal,NP,11/28/2018 0:00,4/30/2019 0:00,,Jhapa,NP0104,93.79083806
Jhimruk,NP0555403,,,,5,NP05,Nepal,NP,11/28/2018 0:00,4/30/2019 0:00,,Pyuthan,NP0555,106.9217769
Jirabhawani,NP0234402,,,,2,NP02,Nepal,NP,11/28/2018 0:00,4/30/2019 0:00,,Parsa,NP0234,55.39436902
Jiri,NP0322302,,,,3,NP03,Nepal,NP,11/28/2018 0:00,4/30/2019 0:00,,Dolakha,NP0322,211.0465611
Jitpur Simara,NP0233201,,,,2,NP02,Nepal,NP,11/28/2018 0:00,4/30/2019 0:00,,Bara,NP0233,311.1216579
Jorayal,NP0770404,,,,7,NP07,Nepal,NP,11/28/2018 0:00,4/30/2019 0:00,,Doti,NP0770,418.1151726
Joshipur,NP0771404,,,,7,NP07,Nepal,NP,11/28/2018 0:00,4/30/2019 0:00,,Kailali,NP0771,65.44759436
Jugal,NP0323403,,,,3,NP03,Nepal,NP,11/28/2018 0:00,4/30/2019 0:00,,Sindhupalchok,NP0323,596.2133215
Junichande,NP0660401,,,,6,NP06,Nepal,NP,11/28/2018 0:00,4/30/2019 0:00,,Jajarkot,NP0660,345.9520062
Jwalamukhi,NP0330406,,,,3,NP03,Nepal,NP,11/28/2018 0:00,4/30/2019 0:00,,Dhading,NP0330,112.9031685
K I Singh,NP0770405,,,,7,NP07,Nepal,NP,11/28/2018 0:00,4/30/2019 0:00,,Doti,NP0770,126.7615426
Kabilasi,NP0219307,,,,2,NP02,Nepal,NP,11/28/2018 0:00,4/30/2019 0:00,,Sarlahi,NP0219,48.090181
Kachankawal,NP0104407,,,,1,NP01,Nepal,NP,11/28/2018 0:00,4/30/2019 0:00,,Jhapa,NP0104,109.2393452
Kageshwori Manahora,NP0327306,,,,3,NP03,Nepal,NP,11/28/2018 0:00,4/30/2019 0:00,,Kathmandu,NP0327,27.36975086
Kaike,NP0662405,,,,6,NP06,Nepal,NP,11/28/2018 0:00,4/30/2019 0:00,,Dolpa,NP0662,466.597599
Kailari,NP0771402,,,,7,NP07,Nepal,NP,11/28/2018 0:00,4/30/2019 0:00,,Kailali,NP0771,232.7641665
Kailash,NP0331403,,,,3,NP03,Nepal,NP,11/28/2018 0:00,4/30/2019 0:00,,Makawanpur,NP0331,204.4963348
Kakani,NP0328409,,,,3,NP03,Nepal,NP,11/28/2018 0:00,4/30/2019 0:00,,Nuwakot,NP0328,87.95219809
Kalaiya,NP0233202,,,,2,NP02,Nepal,NP,11/28/2018 0:00,4/30/2019 0:00,,Bara,NP0233,109.9839589
Kaligandagi,NP0441406,,,,4,NP04,Nepal,NP,11/28/2018 0:00,4/30/2019 0:00,,Syangja,NP0441,73.52543398
Kaligandaki,NP0551410,,,,5,NP05,Nepal,NP,11/28/2018 0:00,4/30/2019 0:00,,Gulmi,NP0551,101.0288578
Kalika,NP0329404,,,,3,NP03,Nepal,NP,11/28/2018 0:00,4/30/2019 0:00,,Rasuwa,NP0329,42.49547526
Kalika,NP0335301,,,,3,NP03,Nepal,NP,11/28/2018 0:00,4/30/2019 0:00,,Chitawan,NP0335,149.1004525
Suvakalika,NP0664405,,,,6,NP06,Nepal,NP,11/28/2018 0:00,4/30/2019 0:00,,Kalikot,NP0664,97.20783396
Kalikamai,NP0234408,,,,2,NP02,Nepal,NP,11/28/2018 0:00,4/30/2019 0:00,,Parsa,NP0234,24.33677154
Kalimati,NP0653404,,,,6,NP06,Nepal,NP,11/28/2018 0:00,4/30/2019 0:00,,Salyan,NP0653,500.2882297
Kalinchok,NP0322403,,,,3,NP03,Nepal,NP,11/28/2018 0:00,4/30/2019 0:00,,Dolakha,NP0322,132.3768895
Kalyanpur,NP0216306,,,,2,NP02,Nepal,NP,11/28/2018 0:00,4/30/2019 0:00,,Siraha,NP0216,76.73793008
Kamal,NP0104401,,,,1,NP01,Nepal,NP,11/28/2018 0:00,4/30/2019 0:00,,Jhapa,NP0104,104.2348911
Kamala,NP0217311,,,,2,NP02,Nepal,NP,11/28/2018 0:00,4/30/2019 0:00,,Dhanusha,NP0217,65.78612841
Kamalamai,NP0320301,,,,3,NP03,Nepal,NP,11/28/2018 0:00,4/30/2019 0:00,,Sindhuli,NP0320,482.2222155
Kamalbazar,NP0769303,,,,7,NP07,Nepal,NP,11/28/2018 0:00,4/30/2019 0:00,,Achham,NP0769,120.6064781
Kanakasundari,NP0663401,,,,6,NP06,Nepal,NP,11/28/2018 0:00,4/30/2019 0:00,,Jumla,NP0663,225.2402926
Kanchan,NP0548401,,,,5,NP05,Nepal,NP,11/28/2018 0:00,4/30/2019 0:00,,Rupandehi,NP0548,58.50664825
Kanchanrup,NP0215305,,,,2,NP02,Nepal,NP,11/28/2018 0:00,4/30/2019 0:00,,Saptari,NP0215,117.1190797
Saipal,NP0767401,,,,7,NP07,Nepal,NP,11/28/2018 0:00,4/30/2019 0:00,,Bajhang,NP0767,1465.115099
Kanepokhari,NP0105403,,,,1,NP01,Nepal,NP,11/28/2018 0:00,4/30/2019 0:00,,Morang,NP0105,82.06761632
Kankai,NP0104303,,,,1,NP01,Nepal,NP,11/28/2018 0:00,4/30/2019 0:00,,Jhapa,NP0104,78.81613953
Kanthekhola,NP0443405,,,,4,NP04,Nepal,NP,11/28/2018 0:00,4/30/2019 0:00,,Baglung,NP0443,82.89374141
Kapilbastu,NP0549306,,,,5,NP05,Nepal,NP,11/28/2018 0:00,4/30/2019 0:00,,Kapilbastu,NP0549,136.9046376
Kapurkot,NP0653407,,,,6,NP06,Nepal,NP,11/28/2018 0:00,4/30/2019 0:00,,Salyan,NP0653,119.1572323
Karaiyamai,NP0233403,,,,2,NP02,Nepal,NP,11/28/2018 0:00,4/30/2019 0:00,,Bara,NP0233,47.68231138
Karjanha,NP0216301,,,,2,NP02,Nepal,NP,11/28/2018 0:00,4/30/2019 0:00,,Siraha,NP0216,76.76986786
Katahari,NP0105406,,,,1,NP01,Nepal,NP,11/28/2018 0:00,4/30/2019 0:00,,Morang,NP0105,51.46210466
Katahariya,NP0232304,,,,2,NP02,Nepal,NP,11/28/2018 0:00,4/30/2019 0:00,,Rautahat,NP0232,40.68564684
Katari,NP0114301,,,,1,NP01,Nepal,NP,11/28/2018 0:00,4/30/2019 0:00,,Udayapur,NP0114,424.3909793
Kathmandu,NP0327101,,,,3,NP03,Nepal,NP,11/28/2018 0:00,4/30/2019 0:00,,Kathmandu,NP0327,49.4434514
Kaudena,NP0219406,,,,2,NP02,Nepal,NP,11/28/2018 0:00,4/30/2019 0:00,,Sarlahi,NP0219,25.31959576
Kawasoti,NP0447302,,,,4,NP04,Nepal,NP,11/28/2018 0:00,4/30/2019 0:00,,Nawalparasi East,NP0447,108.3658911
Kedarseu,NP0767405,,,,7,NP07,Nepal,NP,11/28/2018 0:00,4/30/2019 0:00,,Bajhang,NP0767,113.6850027
Kepilasagadhi,NP0112402,,,,1,NP01,Nepal,NP,11/28/2018 0:00,4/30/2019 0:00,,Khotang,NP0112,191.2362645
Kerabari,NP0105401,,,,1,NP01,Nepal,NP,11/28/2018 0:00,4/30/2019 0:00,,Morang,NP0105,219.2587185
Khadadevi,NP0321405,,,,3,NP03,Nepal,NP,11/28/2018 0:00,4/30/2019 0:00,,Ramechhap,NP0321,150.3640495
Khadak,NP0215302,,,,2,NP02,Nepal,NP,11/28/2018 0:00,4/30/2019 0:00,,Saptari,NP0215,96.62604288
Khairahani,NP0335303,,,,3,NP03,Nepal,NP,11/28/2018 0:00,4/30/2019 0:00,,Chitawan,NP0335,85.56627718
Khajura,NP0557401,,,,5,NP05,Nepal,NP,11/28/2018 0:00,4/30/2019 0:00,,Banke,NP0557,101.7902548
Sahidbhumi,NP0107401,,,,1,NP01,Nepal,NP,11/28/2018 0:00,4/30/2019 0:00,,Dhankuta,NP0107,99.32027576
Khandachakra,NP0664302,,,,6,NP06,Nepal,NP,11/28/2018 0:00,4/30/2019 0:00,,Kalikot,NP0664,133.1466695
Khandbari,NP0109301,,,,1,NP01,Nepal,NP,11/28/2018 0:00,4/30/2019 0:00,,Sankhuwasabha,NP0109,122.4998125
Khanikhola,NP0324406,,,,3,NP03,Nepal,NP,11/28/2018 0:00,4/30/2019 0:00,,Kabhrepalanchok,NP0324,131.6091518
Khaniyabash,NP0330403,,,,3,NP03,Nepal,NP,11/28/2018 0:00,4/30/2019 0:00,,Dhading,NP0330,105.1881694
Khaptad National Park,NP0767597,,,,7,NP07,Nepal,NP,11/28/2018 0:00,4/30/2019 0:00,,Bajhang,NP0767,69.98995899
Khaptad National Park,NP0768597,,,,7,NP07,Nepal,NP,11/28/2018 0:00,4/30/2019 0:00,,Bajura,NP0768,7.549363963
Khaptad National Park,NP0769597,,,,7,NP07,Nepal,NP,11/28/2018 0:00,4/30/2019 0:00,,Achham,NP0769,38.74215631
Khaptad National Park,NP0770597,,,,7,NP07,Nepal,NP,11/28/2018 0:00,4/30/2019 0:00,,Doti,NP0770,94.73216677
Khaptadchhanna,NP0767410,,,,7,NP07,Nepal,NP,11/28/2018 0:00,4/30/2019 0:00,,Bajhang,NP0767,113.333305
Kharpunath,NP0666403,,,,6,NP06,Nepal,NP,11/28/2018 0:00,4/30/2019 0:00,,Humla,NP0666,879.4056024
Khatyad,NP0665401,,,,6,NP06,Nepal,NP,11/28/2018 0:00,4/30/2019 0:00,,Mugu,NP0665,280.8812119
Khijidemba,NP0113401,,,,1,NP01,Nepal,NP,11/28/2018 0:00,4/30/2019 0:00,,Okhaldhunga,NP0113,179.5654401
Khotehang,NP0112406,,,,1,NP01,Nepal,NP,11/28/2018 0:00,4/30/2019 0:00,,Khotang,NP0112,163.8005735
Khumbupasanglahmu,NP0111401,,,,1,NP01,Nepal,NP,11/28/2018 0:00,4/30/2019 0:00,,Solukhumbu,NP0111,1536.69228
Kirtipur,NP0327309,,,,3,NP03,Nepal,NP,11/28/2018 0:00,4/30/2019 0:00,,Kathmandu,NP0327,14.75703396
Kispang,NP0328402,,,,3,NP03,Nepal,NP,11/28/2018 0:00,4/30/2019 0:00,,Nuwakot,NP0328,82.56511137
Kohalpur,NP0557301,,,,5,NP05,Nepal,NP,11/28/2018 0:00,4/30/2019 0:00,,Banke,NP0557,184.0658417
Kolhabi,NP0233302,,,,2,NP02,Nepal,NP,11/28/2018 0:00,4/30/2019 0:00,,Bara,NP0233,157.3847296
Konjyosom,NP0325402,,,,3,NP03,Nepal,NP,11/28/2018 0:00,4/30/2019 0:00,,Lalitpur,NP0325,44.15020317
Koshi,NP0106401,,,,1,NP01,Nepal,NP,11/28/2018 0:00,4/30/2019 0:00,,Sunsari,NP0106,75.8326992
Koshi Tappu Wildlife Reserve,NP0106595,,,,1,NP01,Nepal,NP,11/28/2018 0:00,4/30/2019 0:00,,Sunsari,NP0106,66.88750156
Koshi Tappu Wildlife Reserve,NP0114595,,,,1,NP01,Nepal,NP,11/28/2018 0:00,4/30/2019 0:00,,Udayapur,NP0114,5.374540622
Koshi Tappu Wildlife Reserve,NP0215595,,,,2,NP02,Nepal,NP,11/28/2018 0:00,4/30/2019 0:00,,Saptari,NP0215,70.55433397
Kotahimai,NP0548408,,,,5,NP05,Nepal,NP,11/28/2018 0:00,4/30/2019 0:00,,Rupandehi,NP0548,58.25515306
Krishnanagar,NP0549304,,,,5,NP05,Nepal,NP,11/28/2018 0:00,4/30/2019 0:00,,Kapilbastu,NP0549,96.63362173
Krishnapur,NP0772305,,,,7,NP07,Nepal,NP,11/28/2018 0:00,4/30/2019 0:00,,Kanchanpur,NP0772,252.065846
Kumakha,NP0653401,,,,6,NP06,Nepal,NP,11/28/2018 0:00,4/30/2019 0:00,,Salyan,NP0653,177.1799898
Kummayak,NP0102404,,,,1,NP01,Nepal,NP,11/28/2018 0:00,4/30/2019 0:00,,Panchthar,NP0102,128.910161
Kuse,NP0660402,,,,6,NP06,Nepal,NP,11/28/2018 0:00,4/30/2019 0:00,,Jajarkot,NP0660,273.8056557
Kushma,NP0442301,,,,4,NP04,Nepal,NP,11/28/2018 0:00,4/30/2019 0:00,,Parbat,NP0442,93.19385997
Kwholasothar,NP0437401,,,,4,NP04,Nepal,NP,11/28/2018 0:00,4/30/2019 0:00,,Lamjung,NP0437,175.4079129
Lahan,NP0216305,,,,2,NP02,Nepal,NP,11/28/2018 0:00,4/30/2019 0:00,,Siraha,NP0216,166.9566172
Lakshminiya,NP0217402,,,,2,NP02,Nepal,NP,11/28/2018 0:00,4/30/2019 0:00,,Dhanusha,NP0217,30.63483663
Lalbandi,NP0219303,,,,2,NP02,Nepal,NP,11/28/2018 0:00,4/30/2019 0:00,,Sarlahi,NP0219,238.3808599
Laligurans,NP0108301,,,,1,NP01,Nepal,NP,11/28/2018 0:00,4/30/2019 0:00,,Terhathum,NP0108,90.02479002
Lalitpur,NP0325101,,,,3,NP03,Nepal,NP,11/28/2018 0:00,4/30/2019 0:00,,Lalitpur,NP0325,36.11238441
Laljhadi,NP0772402,,,,7,NP07,Nepal,NP,11/28/2018 0:00,4/30/2019 0:00,,Kanchanpur,NP0772,154.2144588
Lamahi,NP0556301,,,,5,NP05,Nepal,NP,11/28/2018 0:00,4/30/2019 0:00,,Dang,NP0556,326.5364681
Rawa Besi,NP0112403,,,,1,NP01,Nepal,NP,11/28/2018 0:00,4/30/2019 0:00,,Khotang,NP0112,97.27107635
Lamkichuha,NP0771306,,,,7,NP07,Nepal,NP,11/28/2018 0:00,4/30/2019 0:00,,Kailali,NP0771,224.6212424
Langtang National Park,NP0328597,,,,3,NP03,Nepal,NP,11/28/2018 0:00,4/30/2019 0:00,,Nuwakot,NP0328,88.52172602
Laxmipur Patari,NP0216406,,,,2,NP02,Nepal,NP,11/28/2018 0:00,4/30/2019 0:00,,Siraha,NP0216,42.27948396
Lekam,NP0775406,,,,7,NP07,Nepal,NP,11/28/2018 0:00,4/30/2019 0:00,,Darchula,NP0775,83.75376101
Lekbeshi,NP0659304,,,,6,NP06,Nepal,NP,11/28/2018 0:00,4/30/2019 0:00,,Surkhet,NP0659,180.7484282
Letang,NP0105301,,,,1,NP01,Nepal,NP,11/28/2018 0:00,4/30/2019 0:00,,Morang,NP0105,218.6193511
Likhu,NP0113402,,,,1,NP01,Nepal,NP,11/28/2018 0:00,4/30/2019 0:00,,Okhaldhunga,NP0113,87.94180548
Likhnu Tamakosh,NP0321406,,,,3,NP03,Nepal,NP,11/28/2018 0:00,4/30/2019 0:00,,Ramechhap,NP0321,124.3891575
Likhu,NP0328406,,,,3,NP03,Nepal,NP,11/28/2018 0:00,4/30/2019 0:00,,Nuwakot,NP0328,47.87728304
Likhupike,NP0111403,,,,1,NP01,Nepal,NP,11/28/2018 0:00,4/30/2019 0:00,,Solukhumbu,NP0111,124.2309118
Lisangkhu Pakhar,NP0323409,,,,3,NP03,Nepal,NP,11/28/2018 0:00,4/30/2019 0:00,,Sindhupalchok,NP0323,98.56222857
Loharpatti,NP0218308,,,,2,NP02,Nepal,NP,11/28/2018 0:00,4/30/2019 0:00,,Mahottari,NP0218,50.03275398
Lomanthang,NP0445401,,,,4,NP04,Nepal,NP,11/28/2018 0:00,4/30/2019 0:00,,Mustang,NP0445,724.1736001
Lumbini Sanskritik,NP0548304,,,,5,NP05,Nepal,NP,11/28/2018 0:00,4/30/2019 0:00,,Rupandehi,NP0548,112.2173779
Lumbini Sanskritik Development Area,NP0548599,,,,5,NP05,Nepal,NP,11/28/2018 0:00,4/30/2019 0:00,,Rupandehi,NP0548,7.856750227
Lungri,NP0554408,,,,5,NP05,Nepal,NP,11/28/2018 0:00,4/30/2019 0:00,,Rolpa,NP0554,135.2158962
Machhapuchchhre,NP0439402,,,,4,NP04,Nepal,NP,11/28/2018 0:00,4/30/2019 0:00,,Kaski,NP0439,544.6993547
Madane,NP0551401,,,,5,NP05,Nepal,NP,11/28/2018 0:00,4/30/2019 0:00,,Gulmi,NP0551,94.52162611
Madhav Narayan,NP0232311,,,,2,NP02,Nepal,NP,11/28/2018 0:00,4/30/2019 0:00,,Rautahat,NP0232,48.51800463
Madhuwan,NP0558302,,,,5,NP05,Nepal,NP,11/28/2018 0:00,4/30/2019 0:00,,Bardiya,NP0558,129.5302851
Madhya Nepal,NP0437301,,,,4,NP04,Nepal,NP,11/28/2018 0:00,4/30/2019 0:00,,Lamjung,NP0437,113.8791939
Madhyabindu,NP0447301,,,,4,NP04,Nepal,NP,11/28/2018 0:00,4/30/2019 0:00,,Nawalparasi East,NP0447,233.4015201
Madhyapur Thimi,NP0326301,,,,3,NP03,Nepal,NP,11/28/2018 0:00,4/30/2019 0:00,,Bhaktapur,NP0326,11.10908482
Madi,NP0109305,,,,1,NP01,Nepal,NP,11/28/2018 0:00,4/30/2019 0:00,,Sankhuwasabha,NP0109,109.8156831
Madi,NP0335305,,,,3,NP03,Nepal,NP,11/28/2018 0:00,4/30/2019 0:00,,Chitawan,NP0335,218.283021
Madi,NP0439403,,,,4,NP04,Nepal,NP,11/28/2018 0:00,4/30/2019 0:00,,Kaski,NP0439,563.120921
Madi,NP0554404,,,,5,NP05,Nepal,NP,11/28/2018 0:00,4/30/2019 0:00,,Rolpa,NP0554,129.0095898
Mahabharat,NP0324407,,,,3,NP03,Nepal,NP,11/28/2018 0:00,4/30/2019 0:00,,Kabhrepalanchok,NP0324,185.9219838
Mahabu,NP0661403,,,,6,NP06,Nepal,NP,11/28/2018 0:00,4/30/2019 0:00,,Dailekh,NP0661,110.6857894
Mahadeva,NP0215405,,,,2,NP02,Nepal,NP,11/28/2018 0:00,4/30/2019 0:00,,Saptari,NP0215,34.90903658
Mahagadhimai,NP0233303,,,,2,NP02,Nepal,NP,11/28/2018 0:00,4/30/2019 0:00,,Bara,NP0233,55.31486473
Mahakali,NP0772301,,,,7,NP07,Nepal,NP,11/28/2018 0:00,4/30/2019 0:00,,Kanchanpur,NP0772,56.64431899
Mahakali,NP0775301,,,,7,NP07,Nepal,NP,11/28/2018 0:00,4/30/2019 0:00,,Darchula,NP0775,134.7640243
Mahakulung,NP0111402,,,,1,NP01,Nepal,NP,11/28/2018 0:00,4/30/2019 0:00,,Solukhumbu,NP0111,646.8778256
Mahalaxmi,NP0107301,,,,1,NP01,Nepal,NP,11/28/2018 0:00,4/30/2019 0:00,,Dhankuta,NP0107,129.0709641
Mahalaxmi,NP0325302,,,,3,NP03,Nepal,NP,11/28/2018 0:00,4/30/2019 0:00,,Lalitpur,NP0325,26.49876005
Mahankal,NP0325403,,,,3,NP03,Nepal,NP,11/28/2018 0:00,4/30/2019 0:00,,Lalitpur,NP0325,82.41667951
Maharajgunj,NP0549305,,,,5,NP05,Nepal,NP,11/28/2018 0:00,4/30/2019 0:00,,Kapilbastu,NP0549,112.2168188
Mahashila,NP0442404,,,,4,NP04,Nepal,NP,11/28/2018 0:00,4/30/2019 0:00,,Parbat,NP0442,49.38834089
Mahawai,NP0664406,,,,6,NP06,Nepal,NP,11/28/2018 0:00,4/30/2019 0:00,,Kalikot,NP0664,321.797729
Mahottari,NP0218404,,,,2,NP02,Nepal,NP,11/28/2018 0:00,4/30/2019 0:00,,Mahottari,NP0218,28.0627377
Mai,NP0103304,,,,1,NP01,Nepal,NP,11/28/2018 0:00,4/30/2019 0:00,,Ilam,NP0103,263.201558
Maijogmai,NP0103403,,,,1,NP01,Nepal,NP,11/28/2018 0:00,4/30/2019 0:00,,Ilam,NP0103,135.2591946
Maiwakhola,NP0101405,,,,1,NP01,Nepal,NP,11/28/2018 0:00,4/30/2019 0:00,,Taplejung,NP0101,137.4417483
Makalu,NP0109401,,,,1,NP01,Nepal,NP,11/28/2018 0:00,4/30/2019 0:00,,Sankhuwasabha,NP0109,1191.729277
Makawanpurgadhi,NP0331406,,,,3,NP03,Nepal,NP,11/28/2018 0:00,4/30/2019 0:00,,Makawanpur,NP0331,148.706829
Malangawa,NP0219309,,,,2,NP02,Nepal,NP,11/28/2018 0:00,4/30/2019 0:00,,Sarlahi,NP0219,30.43230851
Malarani,NP0550401,,,,5,NP05,Nepal,NP,11/28/2018 0:00,4/30/2019 0:00,,Arghakhanchi,NP0550,101.0635709
Malika,NP0444404,,,,4,NP04,Nepal,NP,11/28/2018 0:00,4/30/2019 0:00,,Myagdi,NP0444,147.1907664
Malika,NP0551402,,,,5,NP05,Nepal,NP,11/28/2018 0:00,4/30/2019 0:00,,Gulmi,NP0551,92.49495269
Malikaarjun,NP0775404,,,,7,NP07,Nepal,NP,11/28/2018 0:00,4/30/2019 0:00,,Darchula,NP0775,100.5441904
Mallarani,NP0555405,,,,5,NP05,Nepal,NP,11/28/2018 0:00,4/30/2019 0:00,,Pyuthan,NP0555,80.0757597
Manahari,NP0331401,,,,3,NP03,Nepal,NP,11/28/2018 0:00,4/30/2019 0:00,,Makawanpur,NP0331,199.531078
Mandandeupur,NP0324301,,,,3,NP03,Nepal,NP,11/28/2018 0:00,4/30/2019 0:00,,Kabhrepalanchok,NP0324,88.58280143
Mandavi,NP0555404,,,,5,NP05,Nepal,NP,11/28/2018 0:00,4/30/2019 0:00,,Pyuthan,NP0555,113.0602545
Manebhanjyang,NP0113407,,,,1,NP01,Nepal,NP,11/28/2018 0:00,4/30/2019 0:00,,Okhaldhunga,NP0113,146.4233858
Mangala,NP0444405,,,,4,NP04,Nepal,NP,11/28/2018 0:00,4/30/2019 0:00,,Myagdi,NP0444,88.85043788
Mangalsen,NP0769302,,,,7,NP07,Nepal,NP,11/28/2018 0:00,4/30/2019 0:00,,Achham,NP0769,219.7900544
Mangsebung,NP0103405,,,,1,NP01,Nepal,NP,11/28/2018 0:00,4/30/2019 0:00,,Ilam,NP0103,171.8629919
Manra Siswa,NP0218306,,,,2,NP02,Nepal,NP,11/28/2018 0:00,4/30/2019 0:00,,Mahottari,NP0218,49.70088701
Manthali,NP0321301,,,,3,NP03,Nepal,NP,11/28/2018 0:00,4/30/2019 0:00,,Ramechhap,NP0321,211.596956
Marchawari,NP0548410,,,,5,NP05,Nepal,NP,11/28/2018 0:00,4/30/2019 0:00,,Rupandehi,NP0548,48.55758501
Marin,NP0320402,,,,3,NP03,Nepal,NP,11/28/2018 0:00,4/30/2019 0:00,,Sindhuli,NP0320,297.1433311
Marma,NP0775407,,,,7,NP07,Nepal,NP,11/28/2018 0:00,4/30/2019 0:00,,Darchula,NP0775,207.6159953
Marsyangdi,NP0437402,,,,4,NP04,Nepal,NP,11/28/2018 0:00,4/30/2019 0:00,,Lamjung,NP0437,597.3481412
Masta,NP0767408,,,,7,NP07,Nepal,NP,11/28/2018 0:00,4/30/2019 0:00,,Bajhang,NP0767,109.0724305
Mathagadhi,NP0546404,,,,5,NP05,Nepal,NP,11/28/2018 0:00,4/30/2019 0:00,,Palpa,NP0546,215.5298726
Matihani,NP0218310,,,,2,NP02,Nepal,NP,11/28/2018 0:00,4/30/2019 0:00,,Mahottari,NP0218,29.00192187
Maulapur,NP0232306,,,,2,NP02,Nepal,NP,11/28/2018 0:00,4/30/2019 0:00,,Rautahat,NP0232,34.74629187
Mayadevi,NP0548405,,,,5,NP05,Nepal,NP,11/28/2018 0:00,4/30/2019 0:00,,Rupandehi,NP0548,72.46561264
Mayadevi,NP0549403,,,,5,NP05,Nepal,NP,11/28/2018 0:00,4/30/2019 0:00,,Kapilbastu,NP0549,88.53185651
Mechinagar,NP0104305,,,,1,NP01,Nepal,NP,11/28/2018 0:00,4/30/2019 0:00,,Jhapa,NP0104,191.8568733
Myagang,NP0328401,,,,3,NP03,Nepal,NP,11/28/2018 0:00,4/30/2019 0:00,,Nuwakot,NP0328,97.82949704
Melamchi,NP0323301,,,,3,NP03,Nepal,NP,11/28/2018 0:00,4/30/2019 0:00,,Sindhupalchok,NP0323,160.569271
Melauli,NP0774303,,,,7,NP07,Nepal,NP,11/28/2018 0:00,4/30/2019 0:00,,Baitadi,NP0774,119.3682275
Mellekh,NP0769402,,,,7,NP07,Nepal,NP,11/28/2018 0:00,4/30/2019 0:00,,Achham,NP0769,134.5848459
Melung,NP0322406,,,,3,NP03,Nepal,NP,11/28/2018 0:00,4/30/2019 0:00,,Dolakha,NP0322,86.45487434
Menchayam,NP0108401,,,,1,NP01,Nepal,NP,11/28/2018 0:00,4/30/2019 0:00,,Terhathum,NP0108,69.89723308
Meringden,NP0101404,,,,1,NP01,Nepal,NP,11/28/2018 0:00,4/30/2019 0:00,,Taplejung,NP0101,209.7328542
Miklajung,NP0102407,,,,1,NP01,Nepal,NP,11/28/2018 0:00,4/30/2019 0:00,,Panchthar,NP0102,166.1090766
Miklajung,NP0105402,,,,1,NP01,Nepal,NP,11/28/2018 0:00,4/30/2019 0:00,,Morang,NP0105,158.5110495
Mikwakhola,NP0101402,,,,1,NP01,Nepal,NP,11/28/2018 0:00,4/30/2019 0:00,,Taplejung,NP0101,441.6489549
Mirchaiya,NP0216302,,,,2,NP02,Nepal,NP,11/28/2018 0:00,4/30/2019 0:00,,Siraha,NP0216,91.88018894
Mithila,NP0217301,,,,2,NP02,Nepal,NP,11/28/2018 0:00,4/30/2019 0:00,,Dhanusha,NP0217,187.7896419
Mithila Bihari,NP0217305,,,,2,NP02,Nepal,NP,11/28/2018 0:00,4/30/2019 0:00,,Dhanusha,NP0217,37.56669753
Modi,NP0442402,,,,4,NP04,Nepal,NP,11/28/2018 0:00,4/30/2019 0:00,,Parbat,NP0442,143.6250929
Mohanyal,NP0771403,,,,7,NP07,Nepal,NP,11/28/2018 0:00,4/30/2019 0:00,,Kailali,NP0771,625.8000442
Molung,NP0113403,,,,1,NP01,Nepal,NP,11/28/2018 0:00,4/30/2019 0:00,,Okhaldhunga,NP0113,112.3597841
Mudkechula,NP0662404,,,,6,NP06,Nepal,NP,11/28/2018 0:00,4/30/2019 0:00,,Dolpa,NP0662,250.0058037
Mugum Karmarong,NP0665403,,,,6,NP06,Nepal,NP,11/28/2018 0:00,4/30/2019 0:00,,Mugu,NP0665,2106.315907
Mukhiyapatti Musarmiya,NP0217405,,,,2,NP02,Nepal,NP,11/28/2018 0:00,4/30/2019 0:00,,Dhanusha,NP0217,26.81881485
Musikot,NP0551301,,,,5,NP05,Nepal,NP,11/28/2018 0:00,4/30/2019 0:00,,Gulmi,NP0551,114.7750041
Musikot,NP0652303,,,,6,NP06,Nepal,NP,11/28/2018 0:00,4/30/2019 0:00,,Rukum West,NP0652,136.0345535
Myagde,NP0440401,,,,4,NP04,Nepal,NP,11/28/2018 0:00,4/30/2019 0:00,,Tanahu,NP0440,115.3860328
Myanglung,NP0108302,,,,1,NP01,Nepal,NP,11/28/2018 0:00,4/30/2019 0:00,,Terhathum,NP0108,99.93389334
Nagarain,NP0217309,,,,2,NP02,Nepal,NP,11/28/2018 0:00,4/30/2019 0:00,,Dhanusha,NP0217,38.97438355
Nagarjun,NP0327305,,,,3,NP03,Nepal,NP,11/28/2018 0:00,4/30/2019 0:00,,Kathmandu,NP0327,29.84232663
Namkha,NP0666401,,,,6,NP06,Nepal,NP,11/28/2018 0:00,4/30/2019 0:00,,Humla,NP0666,2416.97279
Namobuddha,NP0324306,,,,3,NP03,Nepal,NP,11/28/2018 0:00,4/30/2019 0:00,,Kabhrepalanchok,NP0324,102.3214279
Naraha,NP0216401,,,,2,NP02,Nepal,NP,11/28/2018 0:00,4/30/2019 0:00,,Siraha,NP0216,29.24739866
Naraharinath,NP0664401,,,,6,NP06,Nepal,NP,11/28/2018 0:00,4/30/2019 0:00,,Kalikot,NP0664,143.6829184
Narainapur,NP0557406,,,,5,NP05,Nepal,NP,11/28/2018 0:00,4/30/2019 0:00,,Banke,NP0557,172.1856339
Narayan,NP0661304,,,,6,NP06,Nepal,NP,11/28/2018 0:00,4/30/2019 0:00,,Dailekh,NP0661,110.5191615
Narpa Bhumi,NP0438402,,,,4,NP04,Nepal,NP,11/28/2018 0:00,4/30/2019 0:00,,Manang,NP0438,837.7017766
Nason,NP0438404,,,,4,NP04,Nepal,NP,11/28/2018 0:00,4/30/2019 0:00,,Manang,NP0438,709.6982991
Naubahini,NP0555401,,,,5,NP05,Nepal,NP,11/28/2018 0:00,4/30/2019 0:00,,Pyuthan,NP0555,213.3972587
Naugad,NP0775405,,,,7,NP07,Nepal,NP,11/28/2018 0:00,4/30/2019 0:00,,Darchula,NP0775,179.8487986
Naukunda,NP0329405,,,,3,NP03,Nepal,NP,11/28/2018 0:00,4/30/2019 0:00,,Rasuwa,NP0329,116.3345116
Naumule,NP0661404,,,,6,NP06,Nepal,NP,11/28/2018 0:00,4/30/2019 0:00,,Dailekh,NP0661,228.3846389
Nawadurga,NP0773403,,,,7,NP07,Nepal,NP,11/28/2018 0:00,4/30/2019 0:00,,Dadeldhura,NP0773,141.5625055
Nawarajpur,NP0216407,,,,2,NP02,Nepal,NP,11/28/2018 0:00,4/30/2019 0:00,,Siraha,NP0216,32.13639559
Nechasalyan,NP0111405,,,,1,NP01,Nepal,NP,11/28/2018 0:00,4/30/2019 0:00,,Solukhumbu,NP0111,94.36035162
Nepalgunj,NP0557201,,,,5,NP05,Nepal,NP,11/28/2018 0:00,4/30/2019 0:00,,Banke,NP0557,85.8426745
Manangngisyang,NP0438401,,,,4,NP04,Nepal,NP,11/28/2018 0:00,4/30/2019 0:00,,Manang,NP0438,694.7748986
Netrawati Dubjhong,NP0330405,,,,3,NP03,Nepal,NP,11/28/2018 0:00,4/30/2019 0:00,,Dhading,NP0330,70.49812086
Nijgadh,NP0233301,,,,2,NP02,Nepal,NP,11/28/2018 0:00,4/30/2019 0:00,,Bara,NP0233,289.4037259
Nilakantha,NP0330301,,,,3,NP03,Nepal,NP,11/28/2018 0:00,4/30/2019 0:00,,Dhading,NP0330,199.9141785
Nisdi,NP0546408,,,,5,NP05,Nepal,NP,11/28/2018 0:00,4/30/2019 0:00,,Palpa,NP0546,194.5458723
Nisikhola,NP0443401,,,,4,NP04,Nepal,NP,11/28/2018 0:00,4/30/2019 0:00,,Baglung,NP0443,244.3678771
Omsatiya,NP0548406,,,,5,NP05,Nepal,NP,11/28/2018 0:00,4/30/2019 0:00,,Rupandehi,NP0548,48.54356444
Pachaljharana,NP0664403,,,,6,NP06,Nepal,NP,11/28/2018 0:00,4/30/2019 0:00,,Kalikot,NP0664,166.754212
Pacharauta,NP0233304,,,,2,NP02,Nepal,NP,11/28/2018 0:00,4/30/2019 0:00,,Bara,NP0233,44.00837276
Painyu,NP0442405,,,,4,NP04,Nepal,NP,11/28/2018 0:00,4/30/2019 0:00,,Parbat,NP0442,42.6541166
Pakahamainpur,NP0234409,,,,2,NP02,Nepal,NP,11/28/2018 0:00,4/30/2019 0:00,,Parsa,NP0234,21.26121635
Pakhribas,NP0107302,,,,1,NP01,Nepal,NP,11/28/2018 0:00,4/30/2019 0:00,,Dhankuta,NP0107,143.9543528
Palata,NP0664404,,,,6,NP06,Nepal,NP,11/28/2018 0:00,4/30/2019 0:00,,Kalikot,NP0664,318.5610072
Palhi Nandan,NP0547401,,,,5,NP05,Nepal,NP,11/28/2018 0:00,4/30/2019 0:00,,Nawalparasi West,NP0547,44.67707467
Palungtar,NP0436301,,,,4,NP04,Nepal,NP,11/28/2018 0:00,4/30/2019 0:00,,Gorkha,NP0436,158.6428173
Panauti,NP0324305,,,,3,NP03,Nepal,NP,11/28/2018 0:00,4/30/2019 0:00,,Kabhrepalanchok,NP0324,118.1259944
Panchadewal Binayak,NP0769304,,,,7,NP07,Nepal,NP,11/28/2018 0:00,4/30/2019 0:00,,Achham,NP0769,147.5581474
Panchakanya,NP0328407,,,,3,NP03,Nepal,NP,11/28/2018 0:00,4/30/2019 0:00,,Nuwakot,NP0328,53.4620194
Panchakhapan,NP0109302,,,,1,NP01,Nepal,NP,11/28/2018 0:00,4/30/2019 0:00,,Sankhuwasabha,NP0109,147.676296
Pancheshwar,NP0774404,,,,7,NP07,Nepal,NP,11/28/2018 0:00,4/30/2019 0:00,,Baitadi,NP0774,120.0604745
Panchkhal,NP0324304,,,,3,NP03,Nepal,NP,11/28/2018 0:00,4/30/2019 0:00,,Kabhrepalanchok,NP0324,102.8842776
Panchpokhari Thangpal,NP0323402,,,,3,NP03,Nepal,NP,11/28/2018 0:00,4/30/2019 0:00,,Sindhupalchok,NP0323,436.2517077
Panchpuri,NP0659301,,,,6,NP06,Nepal,NP,11/28/2018 0:00,4/30/2019 0:00,,Surkhet,NP0659,329.4384802
Jagganath,NP0768404,,,,7,NP07,Nepal,NP,11/28/2018 0:00,4/30/2019 0:00,,Bajura,NP0768,171.5409226
Panini,NP0550403,,,,5,NP05,Nepal,NP,11/28/2018 0:00,4/30/2019 0:00,,Arghakhanchi,NP0550,151.4428693
Parashuram,NP0773301,,,,7,NP07,Nepal,NP,11/28/2018 0:00,4/30/2019 0:00,,Dadeldhura,NP0773,412.8653661
Aama Chhodingmo,NP0329401,,,,3,NP03,Nepal,NP,11/28/2018 0:00,4/30/2019 0:00,,Rasuwa,NP0329,246.5921688
Paroha,NP0232312,,,,2,NP02,Nepal,NP,11/28/2018 0:00,4/30/2019 0:00,,Rautahat,NP0232,37.45058244
Parsa,NP0219409,,,,2,NP02,Nepal,NP,11/28/2018 0:00,4/30/2019 0:00,,Sarlahi,NP0219,23.10866591
Parsa Wildlife Reserve,NP0233595,,,,2,NP02,Nepal,NP,11/28/2018 0:00,4/30/2019 0:00,,Bara,NP0233,1.331196409
Parsa Wildlife Reserve,NP0234595,,,,2,NP02,Nepal,NP,11/28/2018 0:00,4/30/2019 0:00,,Parsa,NP0234,475.2473217
Parsa Wildlife Reserve,NP0331595,,,,3,NP03,Nepal,NP,11/28/2018 0:00,4/30/2019 0:00,,Makawanpur,NP0331,98.17473223
Parsagadhi,NP0234303,,,,2,NP02,Nepal,NP,11/28/2018 0:00,4/30/2019 0:00,,Parsa,NP0234,99.69086324
Parwanipur,NP0233401,,,,2,NP02,Nepal,NP,11/28/2018 0:00,4/30/2019 0:00,,Bara,NP0233,15.48441271
Patahrishanishchare,NP0105304,,,,1,NP01,Nepal,NP,11/28/2018 0:00,4/30/2019 0:00,,Morang,NP0105,79.37654559
Patan,NP0774304,,,,7,NP07,Nepal,NP,11/28/2018 0:00,4/30/2019 0:00,,Baitadi,NP0774,218.7067322
Paterwasugauli,NP0234403,,,,2,NP02,Nepal,NP,11/28/2018 0:00,4/30/2019 0:00,,Parsa,NP0234,64.29791098
Patrasi,NP0663403,,,,6,NP06,Nepal,NP,11/28/2018 0:00,4/30/2019 0:00,,Jumla,NP0663,813.7552774
Pauwadungma,NP0110405,,,,1,NP01,Nepal,NP,11/28/2018 0:00,4/30/2019 0:00,,Bhojpur,NP0110,118.5998962
Phaktanglung,NP0101401,,,,1,NP01,Nepal,NP,11/28/2018 0:00,4/30/2019 0:00,,Taplejung,NP0101,1852.125359
Phalebas,NP0442302,,,,4,NP04,Nepal,NP,11/28/2018 0:00,4/30/2019 0:00,,Parbat,NP0442,85.71561068
Phatuwa Bijayapur,NP0232303,,,,2,NP02,Nepal,NP,11/28/2018 0:00,4/30/2019 0:00,,Rautahat,NP0232,65.23506398
Phedap,NP0108402,,,,1,NP01,Nepal,NP,11/28/2018 0:00,4/30/2019 0:00,,Terhathum,NP0108,110.5130913
Phedikhola,NP0441402,,,,4,NP04,Nepal,NP,11/28/2018 0:00,4/30/2019 0:00,,Syangja,NP0441,56.73857929
Pheta,NP0233405,,,,2,NP02,Nepal,NP,11/28/2018 0:00,4/30/2019 0:00,,Bara,NP0233,23.64777227
Phidim,NP0102301,,,,1,NP01,Nepal,NP,11/28/2018 0:00,4/30/2019 0:00,,Panchthar,NP0102,191.8623854
Phikkal,NP0320407,,,,3,NP03,Nepal,NP,11/28/2018 0:00,4/30/2019 0:00,,Sindhuli,NP0320,185.8766168
Phungling,NP0101301,,,,1,NP01,Nepal,NP,11/28/2018 0:00,4/30/2019 0:00,,Taplejung,NP0101,125.1750653
Pipra,NP0218405,,,,2,NP02,Nepal,NP,11/28/2018 0:00,4/30/2019 0:00,,Mahottari,NP0218,39.95186834
Pokhara,NP0439101,,,,4,NP04,Nepal,NP,11/28/2018 0:00,4/30/2019 0:00,,Kaski,NP0439,464.3329949
Pokhariya,NP0234301,,,,2,NP02,Nepal,NP,11/28/2018 0:00,4/30/2019 0:00,,Parsa,NP0234,32.47715755
Prasauni,NP0233402,,,,2,NP02,Nepal,NP,11/28/2018 0:00,4/30/2019 0:00,,Bara,NP0233,20.24041272
Pratappur,NP0547403,,,,5,NP05,Nepal,NP,11/28/2018 0:00,4/30/2019 0:00,,Nawalparasi West,NP0547,71.13580688
Punarbas,NP0772307,,,,7,NP07,Nepal,NP,11/28/2018 0:00,4/30/2019 0:00,,Kanchanpur,NP0772,103.4294975
Purbakhola,NP0546406,,,,5,NP05,Nepal,NP,11/28/2018 0:00,4/30/2019 0:00,,Palpa,NP0546,138.0730014
Purbichauki,NP0770403,,,,7,NP07,Nepal,NP,11/28/2018 0:00,4/30/2019 0:00,,Doti,NP0770,117.4330895
Purchaudi,NP0774302,,,,7,NP07,Nepal,NP,11/28/2018 0:00,4/30/2019 0:00,,Baitadi,NP0774,198.0633104
Putalibazar,NP0441301,,,,4,NP04,Nepal,NP,11/28/2018 0:00,4/30/2019 0:00,,Syangja,NP0441,147.2384254
Putha Uttarganga,NP0552402,,,,5,NP05,Nepal,NP,11/28/2018 0:00,4/30/2019 0:00,,Rukum East,NP0552,560.2507338
Pyuthan,NP0555302,,,,5,NP05,Nepal,NP,11/28/2018 0:00,4/30/2019 0:00,,Pyuthan,NP0555,128.9490255
Raghuganga,NP0444402,,,,4,NP04,Nepal,NP,11/28/2018 0:00,4/30/2019 0:00,,Myagdi,NP0444,379.1888846
Rainadevi Chhahara,NP0546401,,,,5,NP05,Nepal,NP,11/28/2018 0:00,4/30/2019 0:00,,Palpa,NP0546,175.9075637
Rainas,NP0437304,,,,4,NP04,Nepal,NP,11/28/2018 0:00,4/30/2019 0:00,,Lamjung,NP0437,71.98046479
Rajapur,NP0558301,,,,5,NP05,Nepal,NP,11/28/2018 0:00,4/30/2019 0:00,,Bardiya,NP0558,126.8596981
Rajbiraj,NP0215308,,,,2,NP02,Nepal,NP,11/28/2018 0:00,4/30/2019 0:00,,Saptari,NP0215,55.17939808
Rajdevi,NP0232316,,,,2,NP02,Nepal,NP,11/28/2018 0:00,4/30/2019 0:00,,Rautahat,NP0232,28.19974945
Rajpur,NP0232314,,,,2,NP02,Nepal,NP,11/28/2018 0:00,4/30/2019 0:00,,Rautahat,NP0232,31.40606847
Rajpur,NP0556404,,,,5,NP05,Nepal,NP,11/28/2018 0:00,4/30/2019 0:00,,Dang,NP0556,577.0600314
Raksirang,NP0331402,,,,3,NP03,Nepal,NP,11/28/2018 0:00,4/30/2019 0:00,,Makawanpur,NP0331,226.7101853
Ramaroshan,NP0769404,,,,7,NP07,Nepal,NP,11/28/2018 0:00,4/30/2019 0:00,,Achham,NP0769,173.0985293
Rambha,NP0546407,,,,5,NP05,Nepal,NP,11/28/2018 0:00,4/30/2019 0:00,,Palpa,NP0546,94.13865708
Ramdhuni,NP0106302,,,,1,NP01,Nepal,NP,11/28/2018 0:00,4/30/2019 0:00,,Sunsari,NP0106,91.48778844
Ramechhap,NP0321302,,,,3,NP03,Nepal,NP,11/28/2018 0:00,4/30/2019 0:00,,Ramechhap,NP0321,202.2567807
Ramgopalpur,NP0218305,,,,2,NP02,Nepal,NP,11/28/2018 0:00,4/30/2019 0:00,,Mahottari,NP0218,39.51473438
Ramgram,NP0547303,,,,5,NP05,Nepal,NP,11/28/2018 0:00,4/30/2019 0:00,,Nawalparasi West,NP0547,93.91375081
Ramnagar,NP0219405,,,,2,NP02,Nepal,NP,11/28/2018 0:00,4/30/2019 0:00,,Sarlahi,NP0219,26.42860465
Ramprasad Rai,NP0110404,,,,1,NP01,Nepal,NP,11/28/2018 0:00,4/30/2019 0:00,,Bhojpur,NP0110,158.1077977
Rampur,NP0546302,,,,5,NP05,Nepal,NP,11/28/2018 0:00,4/30/2019 0:00,,Palpa,NP0546,123.3596691
Rangeli,NP0105306,,,,1,NP01,Nepal,NP,11/28/2018 0:00,4/30/2019 0:00,,Morang,NP0105,111.4732551
Rapti,NP0335304,,,,3,NP03,Nepal,NP,11/28/2018 0:00,4/30/2019 0:00,,Chitawan,NP0335,212.3255892
Rapti,NP0556407,,,,5,NP05,Nepal,NP,11/28/2018 0:00,4/30/2019 0:00,,Dang,NP0556,161.0358418
Rapti Sonari,NP0557405,,,,5,NP05,Nepal,NP,11/28/2018 0:00,4/30/2019 0:00,,Banke,NP0557,1040.886762
Raskot,NP0664301,,,,6,NP06,Nepal,NP,11/28/2018 0:00,4/30/2019 0:00,,Kalikot,NP0664,59.67534933
Ratnanagar,NP0335302,,,,3,NP03,Nepal,NP,11/28/2018 0:00,4/30/2019 0:00,,Chitawan,NP0335,68.68540794
Ratuwamai,NP0105308,,,,1,NP01,Nepal,NP,11/28/2018 0:00,4/30/2019 0:00,,Morang,NP0105,141.724042
Rautamai,NP0114404,,,,1,NP01,Nepal,NP,11/28/2018 0:00,4/30/2019 0:00,,Udayapur,NP0114,203.7682416
Resunga,NP0551302,,,,5,NP05,Nepal,NP,11/28/2018 0:00,4/30/2019 0:00,,Gulmi,NP0551,83.7748381
Rhishing,NP0440403,,,,4,NP04,Nepal,NP,11/28/2018 0:00,4/30/2019 0:00,,Tanahu,NP0440,215.0990658
Ribdikot,NP0546403,,,,5,NP05,Nepal,NP,11/28/2018 0:00,4/30/2019 0:00,,Palpa,NP0546,124.5679685
Rohini,NP0548407,,,,5,NP05,Nepal,NP,11/28/2018 0:00,4/30/2019 0:00,,Rupandehi,NP0548,64.6335187
Rolpa,NP0554301,,,,5,NP05,Nepal,NP,11/28/2018 0:00,4/30/2019 0:00,,Rolpa,NP0554,270.3626403
Rong,NP0103406,,,,1,NP01,Nepal,NP,11/28/2018 0:00,4/30/2019 0:00,,Ilam,NP0103,154.4631717
Roshi,NP0324404,,,,3,NP03,Nepal,NP,11/28/2018 0:00,4/30/2019 0:00,,Kabhrepalanchok,NP0324,176.1897747
Rubi Valley,NP0330401,,,,3,NP03,Nepal,NP,11/28/2018 0:00,4/30/2019 0:00,,Dhading,NP0330,424.4839629
Runtigadi,NP0554409,,,,5,NP05,Nepal,NP,11/28/2018 0:00,4/30/2019 0:00,,Rolpa,NP0554,232.6230746
Rupa,NP0439404,,,,4,NP04,Nepal,NP,11/28/2018 0:00,4/30/2019 0:00,,Kaski,NP0439,94.83356099
Diktel Rupakot Majhuwagadhi,NP0112302,,,,1,NP01,Nepal,NP,11/28/2018 0:00,4/30/2019 0:00,,Khotang,NP0112,246.0927602
Rupani,NP0215401,,,,2,NP02,Nepal,NP,11/28/2018 0:00,4/30/2019 0:00,,Saptari,NP0215,55.98744214
Ruru,NP0551408,,,,5,NP05,Nepal,NP,11/28/2018 0:00,4/30/2019 0:00,,Gulmi,NP0551,67.37226404
Sabaila,NP0217306,,,,2,NP02,Nepal,NP,11/28/2018 0:00,4/30/2019 0:00,,Dhanusha,NP0217,64.41702392
Sabhapokhari,NP0109405,,,,1,NP01,Nepal,NP,11/28/2018 0:00,4/30/2019 0:00,,Sankhuwasabha,NP0109,221.5254478
Sahid Lakhan,NP0436408,,,,4,NP04,Nepal,NP,11/28/2018 0:00,4/30/2019 0:00,,Gorkha,NP0436,148.9833377
Sahidnagar,NP0217308,,,,2,NP02,Nepal,NP,11/28/2018 0:00,4/30/2019 0:00,,Dhanusha,NP0217,57.32073584
Sailung,NP0322405,,,,3,NP03,Nepal,NP,11/28/2018 0:00,4/30/2019 0:00,,Dolakha,NP0322,128.5613306
Sainamaina,NP0548301,,,,5,NP05,Nepal,NP,11/28/2018 0:00,4/30/2019 0:00,,Rupandehi,NP0548,161.2215363
Sakela,NP0112405,,,,1,NP01,Nepal,NP,11/28/2018 0:00,4/30/2019 0:00,,Khotang,NP0112,79.84280822
Sakhuwa Prasauni,NP0234404,,,,2,NP02,Nepal,NP,11/28/2018 0:00,4/30/2019 0:00,,Parsa,NP0234,74.27374455
Sakhuwanankarkatti,NP0216408,,,,2,NP02,Nepal,NP,11/28/2018 0:00,4/30/2019 0:00,,Siraha,NP0216,32.80159782
Salpasilichho,NP0110401,,,,1,NP01,Nepal,NP,11/28/2018 0:00,4/30/2019 0:00,,Bhojpur,NP0110,192.9519212
Sammarimai,NP0548409,,,,5,NP05,Nepal,NP,11/28/2018 0:00,4/30/2019 0:00,,Rupandehi,NP0548,50.7905751
Samsi,NP0218402,,,,2,NP02,Nepal,NP,11/28/2018 0:00,4/30/2019 0:00,,Mahottari,NP0218,21.56102571
Sandakpur,NP0103402,,,,1,NP01,Nepal,NP,11/28/2018 0:00,4/30/2019 0:00,,Ilam,NP0103,155.4470545
Sandhikharka,NP0550302,,,,5,NP05,Nepal,NP,11/28/2018 0:00,4/30/2019 0:00,,Arghakhanchi,NP0550,129.4244007
Sangurigadhi,NP0107403,,,,1,NP01,Nepal,NP,11/28/2018 0:00,4/30/2019 0:00,,Dhankuta,NP0107,166.0336199
Sani Bheri,NP0652401,,,,6,NP06,Nepal,NP,11/28/2018 0:00,4/30/2019 0:00,,Rukum West,NP0652,133.7343926
Sanni Tribeni,NP0664402,,,,6,NP06,Nepal,NP,11/28/2018 0:00,4/30/2019 0:00,,Kalikot,NP0664,136.5487545
Sanphebagar,NP0769301,,,,7,NP07,Nepal,NP,11/28/2018 0:00,4/30/2019 0:00,,Achham,NP0769,166.4375368
Saptakoshi,NP0215304,,,,2,NP02,Nepal,NP,11/28/2018 0:00,4/30/2019 0:00,,Saptari,NP0215,60.13742355
Sarawal,NP0547402,,,,5,NP05,Nepal,NP,11/28/2018 0:00,4/30/2019 0:00,,Nawalparasi West,NP0547,73.20785687
Sarkegad,NP0666404,,,,6,NP06,Nepal,NP,11/28/2018 0:00,4/30/2019 0:00,,Humla,NP0666,306.4581718
Sarumarani,NP0555406,,,,5,NP05,Nepal,NP,11/28/2018 0:00,4/30/2019 0:00,,Pyuthan,NP0555,157.9571045
Satyawati,NP0551409,,,,5,NP05,Nepal,NP,11/28/2018 0:00,4/30/2019 0:00,,Gulmi,NP0551,115.9445352
Sayal,NP0770402,,,,7,NP07,Nepal,NP,11/28/2018 0:00,4/30/2019 0:00,,Doti,NP0770,122.4877578
Shadananda,NP0110301,,,,1,NP01,Nepal,NP,11/28/2018 0:00,4/30/2019 0:00,,Bhojpur,NP0110,240.6394584
Shailyashikhar,NP0775302,,,,7,NP07,Nepal,NP,11/28/2018 0:00,4/30/2019 0:00,,Darchula,NP0775,117.5111561
Shambhunath,NP0215303,,,,2,NP02,Nepal,NP,11/28/2018 0:00,4/30/2019 0:00,,Saptari,NP0215,108.5380265
Shankharapur,NP0327307,,,,3,NP03,Nepal,NP,11/28/2018 0:00,4/30/2019 0:00,,Kathmandu,NP0327,60.20364905
Shantinagar,NP0556403,,,,5,NP05,Nepal,NP,11/28/2018 0:00,4/30/2019 0:00,,Dang,NP0556,115.9555094
Sharada,NP0653303,,,,6,NP06,Nepal,NP,11/28/2018 0:00,4/30/2019 0:00,,Salyan,NP0653,198.2153399
Shey Phoksundo,NP0662401,,,,6,NP06,Nepal,NP,11/28/2018 0:00,4/30/2019 0:00,,Dolpa,NP0662,2453.744887
Shikhar,NP0770301,,,,7,NP07,Nepal,NP,11/28/2018 0:00,4/30/2019 0:00,,Doti,NP0770,284.7586613
Shivanath,NP0774405,,,,7,NP07,Nepal,NP,11/28/2018 0:00,4/30/2019 0:00,,Baitadi,NP0774,81.41692994
Shivapuri,NP0328410,,,,3,NP03,Nepal,NP,11/28/2018 0:00,4/30/2019 0:00,,Nuwakot,NP0328,101.4788514
Shivapuri Watershed and Wildlife Reserve,NP0328596,,,,3,NP03,Nepal,NP,11/28/2018 0:00,4/30/2019 0:00,,Nuwakot,NP0328,24.6375393
Shivaraj,NP0549301,,,,5,NP05,Nepal,NP,11/28/2018 0:00,4/30/2019 0:00,,Kapilbastu,NP0549,284.0359552
Shivasataxi,NP0104302,,,,1,NP01,Nepal,NP,11/28/2018 0:00,4/30/2019 0:00,,Jhapa,NP0104,144.9814256
Shiwalaya,NP0660404,,,,6,NP06,Nepal,NP,11/28/2018 0:00,4/30/2019 0:00,,Jajarkot,NP0660,134.1561692
Shuklagandaki,NP0440301,,,,4,NP04,Nepal,NP,11/28/2018 0:00,4/30/2019 0:00,,Tanahu,NP0440,164.8011577
Shuklaphanta,NP0772304,,,,7,NP07,Nepal,NP,11/28/2018 0:00,4/30/2019 0:00,,Kanchanpur,NP0772,162.1082603
Shuklaphanta National Park,NP0772597,,,,7,NP07,Nepal,NP,11/28/2018 0:00,4/30/2019 0:00,,Kanchanpur,NP0772,398.9009243
Siddhalek,NP0330407,,,,3,NP03,Nepal,NP,11/28/2018 0:00,4/30/2019 0:00,,Dhading,NP0330,106.3622836
Siddharthanagar,NP0548305,,,,5,NP05,Nepal,NP,11/28/2018 0:00,4/30/2019 0:00,,Rupandehi,NP0548,36.03753251
Siddhicharan,NP0113301,,,,1,NP01,Nepal,NP,11/28/2018 0:00,4/30/2019 0:00,,Okhaldhunga,NP0113,167.6563648
Sidingba,NP0101408,,,,1,NP01,Nepal,NP,11/28/2018 0:00,4/30/2019 0:00,,Taplejung,NP0101,205.2666027
Sigas,NP0774406,,,,7,NP07,Nepal,NP,11/28/2018 0:00,4/30/2019 0:00,,Baitadi,NP0774,244.9020527
Silichong,NP0109403,,,,1,NP01,Nepal,NP,11/28/2018 0:00,4/30/2019 0:00,,Sankhuwasabha,NP0109,500.8759279
Simkot,NP0666402,,,,6,NP06,Nepal,NP,11/28/2018 0:00,4/30/2019 0:00,,Humla,NP0666,785.2774253
Simraungadh,NP0233305,,,,2,NP02,Nepal,NP,11/28/2018 0:00,4/30/2019 0:00,,Bara,NP0233,41.44226232
Simta,NP0659404,,,,6,NP06,Nepal,NP,11/28/2018 0:00,4/30/2019 0:00,,Surkhet,NP0659,241.4478856
Sinja,NP0663402,,,,6,NP06,Nepal,NP,11/28/2018 0:00,4/30/2019 0:00,,Jumla,NP0663,153.1725238
Siraha,NP0216308,,,,2,NP02,Nepal,NP,11/28/2018 0:00,4/30/2019 0:00,,Siraha,NP0216,94.10745722
Siranchok,NP0436405,,,,4,NP04,Nepal,NP,11/28/2018 0:00,4/30/2019 0:00,,Gorkha,NP0436,121.6752868
Sirijangha,NP0101403,,,,1,NP01,Nepal,NP,11/28/2018 0:00,4/30/2019 0:00,,Taplejung,NP0101,479.3877409
Sisne,NP0552401,,,,5,NP05,Nepal,NP,11/28/2018 0:00,4/30/2019 0:00,,Rukum East,NP0552,327.0452414
Sitganga,NP0550303,,,,5,NP05,Nepal,NP,11/28/2018 0:00,4/30/2019 0:00,,Arghakhanchi,NP0550,610.3960524
Siyari,NP0548404,,,,5,NP05,Nepal,NP,11/28/2018 0:00,4/30/2019 0:00,,Rupandehi,NP0548,66.35857533
Solududhakunda,NP0111301,,,,1,NP01,Nepal,NP,11/28/2018 0:00,4/30/2019 0:00,,Solukhumbu,NP0111,537.3460676
Sonama,NP0218401,,,,2,NP02,Nepal,NP,11/28/2018 0:00,4/30/2019 0:00,,Mahottari,NP0218,57.74335163
Soru,NP0665402,,,,6,NP06,Nepal,NP,11/28/2018 0:00,4/30/2019 0:00,,Mugu,NP0665,365.5301517
Sotang,NP0111407,,,,1,NP01,Nepal,NP,11/28/2018 0:00,4/30/2019 0:00,,Solukhumbu,NP0111,102.8298785
Suddhodhan,NP0549404,,,,5,NP05,Nepal,NP,11/28/2018 0:00,4/30/2019 0:00,,Kapilbastu,NP0549,91.70009436
Sudhdhodhan,NP0548402,,,,5,NP05,Nepal,NP,11/28/2018 0:00,4/30/2019 0:00,,Rupandehi,NP0548,57.56570241
Sukhipur,NP0216307,,,,2,NP02,Nepal,NP,11/28/2018 0:00,4/30/2019 0:00,,Siraha,NP0216,54.71308993
Gangadev,NP0554401,,,,5,NP05,Nepal,NP,11/28/2018 0:00,4/30/2019 0:00,,Rolpa,NP0554,124.34605
Barpak Sulikot,NP0436403,,,,4,NP04,Nepal,NP,11/28/2018 0:00,4/30/2019 0:00,,Gorkha,NP0436,200.6486548
Sunapati,NP0321401,,,,3,NP03,Nepal,NP,11/28/2018 0:00,4/30/2019 0:00,,Ramechhap,NP0321,85.03866901
Sunchhahari,NP0554405,,,,5,NP05,Nepal,NP,11/28/2018 0:00,4/30/2019 0:00,,Rolpa,NP0554,277.567375
Sundarbazar,NP0437303,,,,4,NP04,Nepal,NP,11/28/2018 0:00,4/30/2019 0:00,,Lamjung,NP0437,72.0624858
Sundarharaicha,NP0105302,,,,1,NP01,Nepal,NP,11/28/2018 0:00,4/30/2019 0:00,,Morang,NP0105,109.882583
Sunkoshi,NP0113405,,,,1,NP01,Nepal,NP,11/28/2018 0:00,4/30/2019 0:00,,Okhaldhunga,NP0113,143.5827535
Limchungbung,NP0114402,,,,1,NP01,Nepal,NP,11/28/2018 0:00,4/30/2019 0:00,,Udayapur,NP0114,106.637876
Sunkoshi,NP0320404,,,,3,NP03,Nepal,NP,11/28/2018 0:00,4/30/2019 0:00,,Sindhuli,NP0320,154.5821191
Sunkoshi,NP0323407,,,,3,NP03,Nepal,NP,11/28/2018 0:00,4/30/2019 0:00,,Sindhupalchok,NP0323,72.81358274
Sunwal,NP0547301,,,,5,NP05,Nepal,NP,11/28/2018 0:00,4/30/2019 0:00,,Nawalparasi West,NP0547,173.5542165
Sunwarshi,NP0105307,,,,1,NP01,Nepal,NP,11/28/2018 0:00,4/30/2019 0:00,,Morang,NP0105,106.0909217
Surma,NP0767402,,,,7,NP07,Nepal,NP,11/28/2018 0:00,4/30/2019 0:00,,Bajhang,NP0767,270.3408931
Surnaya,NP0774403,,,,7,NP07,Nepal,NP,11/28/2018 0:00,4/30/2019 0:00,,Baitadi,NP0774,124.2169867
Surunga,NP0215301,,,,2,NP02,Nepal,NP,11/28/2018 0:00,4/30/2019 0:00,,Saptari,NP0215,106.8893071
Suryabinayak,NP0326304,,,,3,NP03,Nepal,NP,11/28/2018 0:00,4/30/2019 0:00,,Bhaktapur,NP0326,42.44592486
Suryagadhi,NP0328404,,,,3,NP03,Nepal,NP,11/28/2018 0:00,4/30/2019 0:00,,Nuwakot,NP0328,49.08508908
Suryodaya,NP0103303,,,,1,NP01,Nepal,NP,11/28/2018 0:00,4/30/2019 0:00,,Ilam,NP0103,224.6574608
Susta,NP0547404,,,,5,NP05,Nepal,NP,11/28/2018 0:00,4/30/2019 0:00,,Nawalparasi West,NP0547,91.24825597
Suwarna,NP0233408,,,,2,NP02,Nepal,NP,11/28/2018 0:00,4/30/2019 0:00,,Bara,NP0233,36.83313349
Sunilsmriti,NP0554407,,,,5,NP05,Nepal,NP,11/28/2018 0:00,4/30/2019 0:00,,Rolpa,NP0554,156.5247789
Swami Kartik Khapar,NP0768405,,,,7,NP07,Nepal,NP,11/28/2018 0:00,4/30/2019 0:00,,Bajura,NP0768,110.4411336
Sworgadwary,NP0555301,,,,5,NP05,Nepal,NP,11/28/2018 0:00,4/30/2019 0:00,,Pyuthan,NP0555,224.6533276
Tadi,NP0328405,,,,3,NP03,Nepal,NP,11/28/2018 0:00,4/30/2019 0:00,,Nuwakot,NP0328,69.78086294
Talkot,NP0767403,,,,7,NP07,Nepal,NP,11/28/2018 0:00,4/30/2019 0:00,,Bajhang,NP0767,334.7593502
Tamakoshi,NP0322407,,,,3,NP03,Nepal,NP,11/28/2018 0:00,4/30/2019 0:00,,Dolakha,NP0322,82.08497896
Taman Khola,NP0443402,,,,4,NP04,Nepal,NP,11/28/2018 0:00,4/30/2019 0:00,,Baglung,NP0443,178.0305485
Tanjakot,NP0666406,,,,6,NP06,Nepal,NP,11/28/2018 0:00,4/30/2019 0:00,,Humla,NP0666,158.9530872
Tansen,NP0546301,,,,5,NP05,Nepal,NP,11/28/2018 0:00,4/30/2019 0:00,,Palpa,NP0546,109.8154242
Tapli,NP0114401,,,,1,NP01,Nepal,NP,11/28/2018 0:00,4/30/2019 0:00,,Udayapur,NP0114,118.9492889
Tara Khola,NP0443404,,,,4,NP04,Nepal,NP,11/28/2018 0:00,4/30/2019 0:00,,Baglung,NP0443,129.5427983
Tarakeshwor,NP0327301,,,,3,NP03,Nepal,NP,11/28/2018 0:00,4/30/2019 0:00,,Kathmandu,NP0327,34.94223985
Tarkeshwar,NP0328403,,,,3,NP03,Nepal,NP,11/28/2018 0:00,4/30/2019 0:00,,Nuwakot,NP0328,72.62071154
Tatopani,NP0663406,,,,6,NP06,Nepal,NP,11/28/2018 0:00,4/30/2019 0:00,,Jumla,NP0663,525.2391034
Temal,NP0324405,,,,3,NP03,Nepal,NP,11/28/2018 0:00,4/30/2019 0:00,,Kabhrepalanchok,NP0324,88.79979475
Thaha,NP0331301,,,,3,NP03,Nepal,NP,11/28/2018 0:00,4/30/2019 0:00,,Makawanpur,NP0331,191.1055367
Thakre,NP0330411,,,,3,NP03,Nepal,NP,11/28/2018 0:00,4/30/2019 0:00,,Dhading,NP0330,96.01843002
Thakurbaba,NP0558303,,,,5,NP05,Nepal,NP,11/28/2018 0:00,4/30/2019 0:00,,Bardiya,NP0558,104.4085962
Thalara,NP0767409,,,,7,NP07,Nepal,NP,11/28/2018 0:00,4/30/2019 0:00,,Bajhang,NP0767,105.3095189
Thantikandh,NP0661401,,,,6,NP06,Nepal,NP,11/28/2018 0:00,4/30/2019 0:00,,Dailekh,NP0661,88.10864529
Thasang,NP0445405,,,,4,NP04,Nepal,NP,11/28/2018 0:00,4/30/2019 0:00,,Mustang,NP0445,289.5836164
Thawang,NP0554403,,,,5,NP05,Nepal,NP,11/28/2018 0:00,4/30/2019 0:00,,Rolpa,NP0554,191.0554114
Thori,NP0234401,,,,2,NP02,Nepal,NP,11/28/2018 0:00,4/30/2019 0:00,,Parsa,NP0234,128.7086737
Thuli Bheri,NP0662302,,,,6,NP06,Nepal,NP,11/28/2018 0:00,4/30/2019 0:00,,Dolpa,NP0662,458.2032455
Tikapur,NP0771305,,,,7,NP07,Nepal,NP,11/28/2018 0:00,4/30/2019 0:00,,Kailali,NP0771,118.1165777
Tila,NP0663405,,,,6,NP06,Nepal,NP,11/28/2018 0:00,4/30/2019 0:00,,Jumla,NP0663,175.3611282
Tilagufa,NP0664303,,,,6,NP06,Nepal,NP,11/28/2018 0:00,4/30/2019 0:00,,Kalikot,NP0664,262.3376214
Tilathi Koiladi,NP0215409,,,,2,NP02,Nepal,NP,11/28/2018 0:00,4/30/2019 0:00,,Saptari,NP0215,32.85837778
Tillotama,NP0548303,,,,5,NP05,Nepal,NP,11/28/2018 0:00,4/30/2019 0:00,,Rupandehi,NP0548,126.2117661
Tinau,NP0546402,,,,5,NP05,Nepal,NP,11/28/2018 0:00,4/30/2019 0:00,,Palpa,NP0546,202.0246992
Tinpatan,NP0320406,,,,3,NP03,Nepal,NP,11/28/2018 0:00,4/30/2019 0:00,,Sindhuli,NP0320,280.0034937
Tirahut,NP0215403,,,,2,NP02,Nepal,NP,11/28/2018 0:00,4/30/2019 0:00,,Saptari,NP0215,37.74537508
Tokha,NP0327302,,,,3,NP03,Nepal,NP,11/28/2018 0:00,4/30/2019 0:00,,Kathmandu,NP0327,17.11027072
Tribeni,NP0554406,,,,5,NP05,Nepal,NP,11/28/2018 0:00,4/30/2019 0:00,,Rolpa,NP0554,205.3137458
Tribeni,NP0652403,,,,6,NP06,Nepal,NP,11/28/2018 0:00,4/30/2019 0:00,,Rukum West,NP0652,85.4699213
Tribeni,NP0653406,,,,6,NP06,Nepal,NP,11/28/2018 0:00,4/30/2019 0:00,,Salyan,NP0653,119.0418287
Tribeni,NP0768304,,,,7,NP07,Nepal,NP,11/28/2018 0:00,4/30/2019 0:00,,Bajura,NP0768,170.0947898
Nalagad,NP0660303,,,,6,NP06,Nepal,NP,11/28/2018 0:00,4/30/2019 0:00,,Jajarkot,NP0660,387.2849301
Tripura Sundari,NP0330404,,,,3,NP03,Nepal,NP,11/28/2018 0:00,4/30/2019 0:00,,Dhading,NP0330,84.3636127
Tripurasundari,NP0323408,,,,3,NP03,Nepal,NP,11/28/2018 0:00,4/30/2019 0:00,,Sindhupalchok,NP0323,94.22451997
Tripurasundari,NP0662301,,,,6,NP06,Nepal,NP,11/28/2018 0:00,4/30/2019 0:00,,Dolpa,NP0662,393.4650642
Triyuga,NP0114302,,,,1,NP01,Nepal,NP,11/28/2018 0:00,4/30/2019 0:00,,Udayapur,NP0114,546.5871629
Tulsipur,NP0556201,,,,5,NP05,Nepal,NP,11/28/2018 0:00,4/30/2019 0:00,,Dang,NP0556,384.4509338
Tumbewa,NP0102406,,,,1,NP01,Nepal,NP,11/28/2018 0:00,4/30/2019 0:00,,Panchthar,NP0102,117.0086697
Turmakhad,NP0769406,,,,7,NP07,Nepal,NP,11/28/2018 0:00,4/30/2019 0:00,,Achham,NP0769,231.7615014
Temkemaiyung,NP0110402,,,,1,NP01,Nepal,NP,11/28/2018 0:00,4/30/2019 0:00,,Bhojpur,NP0110,173.0766331
Udayapurgadhi,NP0114403,,,,1,NP01,Nepal,NP,11/28/2018 0:00,4/30/2019 0:00,,Udayapur,NP0114,269.1467483
Umakunda,NP0321404,,,,3,NP03,Nepal,NP,11/28/2018 0:00,4/30/2019 0:00,,Ramechhap,NP0321,451.4414138
Uralabari,NP0105305,,,,1,NP01,Nepal,NP,11/28/2018 0:00,4/30/2019 0:00,,Morang,NP0105,74.39196249
Uttargaya,NP0329403,,,,3,NP03,Nepal,NP,11/28/2018 0:00,4/30/2019 0:00,,Rasuwa,NP0329,118.4349027
Waling,NP0441304,,,,4,NP04,Nepal,NP,11/28/2018 0:00,4/30/2019 0:00,,Syangja,NP0441,128.4240062
Pathivara Yangwarak,NP0101407,,,,1,NP01,Nepal,NP,11/28/2018 0:00,4/30/2019 0:00,,Taplejung,NP0101,92.46618612
Yangwarak,NP0102402,,,,1,NP01,Nepal,NP,11/28/2018 0:00,4/30/2019 0:00,,Panchthar,NP0102,207.618517
Yashodhara,NP0549402,,,,5,NP05,Nepal,NP,11/28/2018 0:00,4/30/2019 0:00,,Kapilbastu,NP0549,67.55762247
Yemunamai,NP0232401,,,,2,NP02,Nepal,NP,11/28/2018 0:00,4/30/2019 0:00,,Rautahat,NP0232,16.69609464
